timestamp,porcentaje_contado,nombreCandidato,agrupacion,votos_proyectados,porcentaje_proyectado
2026-06-07T18:12:29,0.022,ROBERTO HELBERT SANCHEZ PALOMINO,JUNTOS POR EL PERÚ,2406389.0,56.94821579269467
2026-06-07T18:12:29,0.022,KEIKO SOFIA FUJIMORI HIGUCHI,FUERZA POPULAR,1819185.0,43.051784207305325
2026-06-07T18:26:00,0.069,KEIKO SOFIA FUJIMORI HIGUCHI,FUERZA POPULAR,5271129.0,52.588312231845826
2026-06-07T18:26:00,0.069,ROBERTO HELBERT SANCHEZ PALOMINO,JUNTOS POR EL PERÚ,4752256.0,47.411687768154174
2026-06-07T18:32:00,0.125,KEIKO SOFIA FUJIMORI HIGUCHI,FUERZA POPULAR,8402440.0,56.029986542704755
2026-06-07T18:32:00,0.125,ROBERTO HELBERT SANCHEZ PALOMINO,JUNTOS POR EL PERÚ,6593887.0,43.970013457295245
2026-06-07T18:38:00,0.176,KEIKO SOFIA FUJIMORI HIGUCHI,FUERZA POPULAR,14408932.0,57.98579987098109
2026-06-07T18:38:00,0.176,ROBERTO HELBERT SANCHEZ PALOMINO,JUNTOS POR EL PERÚ,10440138.0,42.01420012901892
2026-06-07T18:42:00,0.272,KEIKO SOFIA FUJIMORI HIGUCHI,FUERZA POPULAR,10712794.0,55.86975093648693
2026-06-07T18:42:00,0.272,ROBERTO HELBERT SANCHEZ PALOMINO,JUNTOS POR EL PERÚ,8461793.0,44.13024906351308
2026-06-07T18:48:00,0.398,KEIKO SOFIA FUJIMORI HIGUCHI,FUERZA POPULAR,13324557.0,56.964604373975384
2026-06-07T18:48:00,0.398,ROBERTO HELBERT SANCHEZ PALOMINO,JUNTOS POR EL PERÚ,10066384.0,43.035395626024616
2026-06-07T18:52:00,0.673,KEIKO SOFIA FUJIMORI HIGUCHI,FUERZA POPULAR,13355869.0,56.00777323053791
2026-06-07T18:52:00,0.673,ROBERTO HELBERT SANCHEZ PALOMINO,JUNTOS POR EL PERÚ,10490587.0,43.99222676946209
2026-06-07T18:58:00,1.009,KEIKO SOFIA FUJIMORI HIGUCHI,FUERZA POPULAR,10051895.0,54.46329819677028
2026-06-07T18:58:00,1.009,ROBERTO HELBERT SANCHEZ PALOMINO,JUNTOS POR EL PERÚ,8404378.0,45.53670180322972
2026-06-07T19:02:01,1.421,KEIKO SOFIA FUJIMORI HIGUCHI,FUERZA POPULAR,10293753.0,54.599989784136035
2026-06-07T19:02:01,1.421,ROBERTO HELBERT SANCHEZ PALOMINO,JUNTOS POR EL PERÚ,8559278.0,45.400010215863965
2026-06-07T19:08:01,2.029,KEIKO SOFIA FUJIMORI HIGUCHI,FUERZA POPULAR,10298963.0,54.46560896143616
2026-06-07T19:08:01,2.029,ROBERTO HELBERT SANCHEZ PALOMINO,JUNTOS POR EL PERÚ,8610149.0,45.53439103856384
2026-06-07T19:12:01,2.739,KEIKO SOFIA FUJIMORI HIGUCHI,FUERZA POPULAR,10118121.0,54.251196335026464
2026-06-07T19:12:01,2.739,ROBERTO HELBERT SANCHEZ PALOMINO,JUNTOS POR EL PERÚ,8532382.0,45.74880366497354
2026-06-07T19:22:02,4.647,KEIKO SOFIA FUJIMORI HIGUCHI,FUERZA POPULAR,10196358.0,53.95687781836867
2026-06-07T19:22:02,4.647,ROBERTO HELBERT SANCHEZ PALOMINO,JUNTOS POR EL PERÚ,8700877.0,46.04312218163133
2026-06-07T19:32:02,6.954,KEIKO SOFIA FUJIMORI HIGUCHI,FUERZA POPULAR,10146957.0,53.596732608481155
2026-06-07T19:32:02,6.954,ROBERTO HELBERT SANCHEZ PALOMINO,JUNTOS POR EL PERÚ,8785087.0,46.403267391518845
2026-06-07T19:42:03,9.867,KEIKO SOFIA FUJIMORI HIGUCHI,FUERZA POPULAR,10106870.0,53.14229483337412
2026-06-07T19:42:03,9.867,ROBERTO HELBERT SANCHEZ PALOMINO,JUNTOS POR EL PERÚ,8911635.0,46.85770516662588
2026-06-07T19:50:27,13.356,KEIKO SOFIA FUJIMORI HIGUCHI,FUERZA POPULAR,10100582.0,53.07103321876605
2026-06-07T19:50:27,13.356,ROBERTO HELBERT SANCHEZ PALOMINO,JUNTOS POR EL PERÚ,8931612.0,46.928966781233946
2026-06-07T20:02:05,17.385,KEIKO SOFIA FUJIMORI HIGUCHI,FUERZA POPULAR,10307525.0,52.830739230307586
2026-06-07T20:02:05,17.385,ROBERTO HELBERT SANCHEZ PALOMINO,JUNTOS POR EL PERÚ,9202944.0,47.169260769692414
2026-06-07T20:06:04,19.569,KEIKO SOFIA FUJIMORI HIGUCHI,FUERZA POPULAR,10300910.0,52.8410236648907
2026-06-07T20:06:04,19.569,ROBERTO HELBERT SANCHEZ PALOMINO,JUNTOS POR EL PERÚ,9193243.0,47.1589763351093
2026-06-07T20:12:03,21.732,KEIKO SOFIA FUJIMORI HIGUCHI,FUERZA POPULAR,10040320.0,52.772568725933134
2026-06-07T20:12:03,21.732,ROBERTO HELBERT SANCHEZ PALOMINO,JUNTOS POR EL PERÚ,8985322.0,47.22743127406686
2026-06-07T20:46:03,35.707,KEIKO SOFIA FUJIMORI HIGUCHI,FUERZA POPULAR,9961509.0,52.420116424491894
2026-06-07T20:46:03,35.707,ROBERTO HELBERT SANCHEZ PALOMINO,JUNTOS POR EL PERÚ,9041709.0,47.579883575508106
2026-06-07T20:52:03,37.78,KEIKO SOFIA FUJIMORI HIGUCHI,FUERZA POPULAR,9981385.0,52.37677816264878
2026-06-07T20:52:03,37.78,ROBERTO HELBERT SANCHEZ PALOMINO,JUNTOS POR EL PERÚ,9075505.0,47.62322183735122
2026-06-07T20:56:03,39.422,KEIKO SOFIA FUJIMORI HIGUCHI,FUERZA POPULAR,9929122.0,52.28075616347474
2026-06-07T20:56:03,39.422,ROBERTO HELBERT SANCHEZ PALOMINO,JUNTOS POR EL PERÚ,9062803.0,47.71924383652526
2026-06-07T21:02:03,41.226,KEIKO SOFIA FUJIMORI HIGUCHI,FUERZA POPULAR,9925434.0,52.24689460406613
2026-06-07T21:02:03,41.226,ROBERTO HELBERT SANCHEZ PALOMINO,JUNTOS POR EL PERÚ,9071741.0,47.75310539593387
2026-06-07T21:06:03,42.888,KEIKO SOFIA FUJIMORI HIGUCHI,FUERZA POPULAR,9976035.0,52.21718377950272
2026-06-07T21:06:03,42.888,ROBERTO HELBERT SANCHEZ PALOMINO,JUNTOS POR EL PERÚ,9128854.0,47.782816220497274
2026-06-07T21:22:02,47.594,KEIKO SOFIA FUJIMORI HIGUCHI,FUERZA POPULAR,9909057.0,51.99595578842212
2026-06-07T21:22:02,47.594,ROBERTO HELBERT SANCHEZ PALOMINO,JUNTOS POR EL PERÚ,9148304.0,48.00404421157788
2026-06-07T21:32:02,50.328,KEIKO SOFIA FUJIMORI HIGUCHI,FUERZA POPULAR,9859054.0,51.964329442451465
2026-06-07T21:32:02,50.328,ROBERTO HELBERT SANCHEZ PALOMINO,JUNTOS POR EL PERÚ,9113680.0,48.035670557548535
2026-06-07T21:36:02,51.489,KEIKO SOFIA FUJIMORI HIGUCHI,FUERZA POPULAR,9851835.0,51.936121085938595
2026-06-07T21:36:02,51.489,ROBERTO HELBERT SANCHEZ PALOMINO,JUNTOS POR EL PERÚ,9117304.0,48.06387891406141
2026-06-07T21:48:02,53.728,KEIKO SOFIA FUJIMORI HIGUCHI,FUERZA POPULAR,9853063.0,51.92029839884894
2026-06-07T21:48:02,53.728,ROBERTO HELBERT SANCHEZ PALOMINO,JUNTOS POR EL PERÚ,9124222.0,48.07970160115106
2026-06-07T21:52:02,54.917,KEIKO SOFIA FUJIMORI HIGUCHI,FUERZA POPULAR,9830709.0,51.87855425582969
2026-06-07T21:52:02,54.917,ROBERTO HELBERT SANCHEZ PALOMINO,JUNTOS POR EL PERÚ,9118757.0,48.12144574417031
2026-06-07T21:56:02,56.094,KEIKO SOFIA FUJIMORI HIGUCHI,FUERZA POPULAR,9817875.0,51.84338367454403
2026-06-07T21:56:02,56.094,ROBERTO HELBERT SANCHEZ PALOMINO,JUNTOS POR EL PERÚ,9119691.0,48.15661632545598
2026-06-07T22:02:02,57.043,KEIKO SOFIA FUJIMORI HIGUCHI,FUERZA POPULAR,9811120.0,51.832576959948504
2026-06-07T22:02:02,57.043,ROBERTO HELBERT SANCHEZ PALOMINO,JUNTOS POR EL PERÚ,9117362.0,48.167423040051496
2026-06-07T22:08:01,57.788,KEIKO SOFIA FUJIMORI HIGUCHI,FUERZA POPULAR,9897590.0,51.84424772938926
2026-06-07T22:08:01,57.788,ROBERTO HELBERT SANCHEZ PALOMINO,JUNTOS POR EL PERÚ,9193419.0,48.15575227061073
2026-06-07T22:12:01,58.525,KEIKO SOFIA FUJIMORI HIGUCHI,FUERZA POPULAR,9824136.0,51.75439927376265
2026-06-07T22:12:01,58.525,ROBERTO HELBERT SANCHEZ PALOMINO,JUNTOS POR EL PERÚ,9158088.0,48.24560072623735
2026-06-07T22:18:02,59.418,KEIKO SOFIA FUJIMORI HIGUCHI,FUERZA POPULAR,9783362.0,51.76527172455101
2026-06-07T22:18:02,59.418,ROBERTO HELBERT SANCHEZ PALOMINO,JUNTOS POR EL PERÚ,9116108.0,48.234728275448994
2026-06-07T22:22:01,60.299,KEIKO SOFIA FUJIMORI HIGUCHI,FUERZA POPULAR,9778685.0,51.75137666324593
2026-06-07T22:22:01,60.299,ROBERTO HELBERT SANCHEZ PALOMINO,JUNTOS POR EL PERÚ,9116822.0,48.24862333675408
2026-06-07T22:28:02,61.069,KEIKO SOFIA FUJIMORI HIGUCHI,FUERZA POPULAR,9773229.0,51.74224547612736
2026-06-07T22:28:02,61.069,ROBERTO HELBERT SANCHEZ PALOMINO,JUNTOS POR EL PERÚ,9115068.0,48.257754523872634
2026-06-07T22:32:01,62.025,KEIKO SOFIA FUJIMORI HIGUCHI,FUERZA POPULAR,9759823.0,51.702163017227676
2026-06-07T22:32:01,62.025,ROBERTO HELBERT SANCHEZ PALOMINO,JUNTOS POR EL PERÚ,9117188.0,48.297836982772324
2026-06-07T22:36:02,63.077,KEIKO SOFIA FUJIMORI HIGUCHI,FUERZA POPULAR,9750079.0,51.673960409163286
2026-06-07T22:36:02,63.077,ROBERTO HELBERT SANCHEZ PALOMINO,JUNTOS POR EL PERÚ,9118378.0,48.32603959083671
2026-06-07T22:42:01,63.935,KEIKO SOFIA FUJIMORI HIGUCHI,FUERZA POPULAR,9738799.0,51.640671078511616
2026-06-07T22:42:01,63.935,ROBERTO HELBERT SANCHEZ PALOMINO,JUNTOS POR EL PERÚ,9119978.0,48.359328921488384
2026-06-07T22:48:00,64.787,KEIKO SOFIA FUJIMORI HIGUCHI,FUERZA POPULAR,9727045.0,51.61663267318263
2026-06-07T22:48:00,64.787,ROBERTO HELBERT SANCHEZ PALOMINO,JUNTOS POR EL PERÚ,9117743.0,48.383367326817364
2026-06-07T22:56:01,66.49,KEIKO SOFIA FUJIMORI HIGUCHI,FUERZA POPULAR,9708253.0,51.584697682388835
2026-06-07T22:56:01,66.49,ROBERTO HELBERT SANCHEZ PALOMINO,JUNTOS POR EL PERÚ,9111772.0,48.415302317611165
2026-06-07T23:02:01,67.278,KEIKO SOFIA FUJIMORI HIGUCHI,FUERZA POPULAR,9699285.0,51.56446969529426
2026-06-07T23:02:01,67.278,ROBERTO HELBERT SANCHEZ PALOMINO,JUNTOS POR EL PERÚ,9110731.0,48.43553030470575
2026-06-07T23:08:01,68.009,KEIKO SOFIA FUJIMORI HIGUCHI,FUERZA POPULAR,9690699.0,51.546501590751795
2026-06-07T23:08:01,68.009,ROBERTO HELBERT SANCHEZ PALOMINO,JUNTOS POR EL PERÚ,9109217.0,48.45349840924821
2026-06-07T23:12:01,68.713,KEIKO SOFIA FUJIMORI HIGUCHI,FUERZA POPULAR,9680438.0,51.52014540796653
2026-06-07T23:12:01,68.713,ROBERTO HELBERT SANCHEZ PALOMINO,JUNTOS POR EL PERÚ,9109179.0,48.47985459203346
2026-06-07T23:22:01,70.15,KEIKO SOFIA FUJIMORI HIGUCHI,FUERZA POPULAR,9658987.0,51.47374228092668
2026-06-07T23:22:01,70.15,ROBERTO HELBERT SANCHEZ PALOMINO,JUNTOS POR EL PERÚ,9105895.0,48.52625771907332
2026-06-07T23:26:01,70.81,KEIKO SOFIA FUJIMORI HIGUCHI,FUERZA POPULAR,9646536.0,51.44082293064578
2026-06-07T23:26:01,70.81,ROBERTO HELBERT SANCHEZ PALOMINO,JUNTOS POR EL PERÚ,9106150.0,48.55917706935423
2026-06-07T23:32:01,71.633,KEIKO SOFIA FUJIMORI HIGUCHI,FUERZA POPULAR,9630732.0,51.3938330273507
2026-06-07T23:32:01,71.633,ROBERTO HELBERT SANCHEZ PALOMINO,JUNTOS POR EL PERÚ,9108349.0,48.6061669726493
2026-06-07T23:38:01,72.489,KEIKO SOFIA FUJIMORI HIGUCHI,FUERZA POPULAR,9616934.0,51.3467193802173
2026-06-07T23:38:01,72.489,ROBERTO HELBERT SANCHEZ PALOMINO,JUNTOS POR EL PERÚ,9112469.0,48.6532806197827
2026-06-07T23:42:01,73.308,KEIKO SOFIA FUJIMORI HIGUCHI,FUERZA POPULAR,9603815.0,51.30551656045124
2026-06-07T23:42:01,73.308,ROBERTO HELBERT SANCHEZ PALOMINO,JUNTOS POR EL PERÚ,9115059.0,48.69448343954877
2026-06-07T23:58:01,75.582,KEIKO SOFIA FUJIMORI HIGUCHI,FUERZA POPULAR,9584678.0,51.252383503054745
2026-06-07T23:58:01,75.582,ROBERTO HELBERT SANCHEZ PALOMINO,JUNTOS POR EL PERÚ,9116263.0,48.74761649694526
2026-06-08T00:02:01,76.318,KEIKO SOFIA FUJIMORI HIGUCHI,FUERZA POPULAR,9567369.0,51.22762726230564
2026-06-08T00:02:01,76.318,ROBERTO HELBERT SANCHEZ PALOMINO,JUNTOS POR EL PERÚ,9108821.0,48.77237273769436
2026-06-08T00:06:01,76.903,KEIKO SOFIA FUJIMORI HIGUCHI,FUERZA POPULAR,9552470.0,51.18434599086936
2026-06-08T00:06:01,76.903,ROBERTO HELBERT SANCHEZ PALOMINO,JUNTOS POR EL PERÚ,9110404.0,48.81565400913065
2026-06-08T00:17:25,78.292,KEIKO SOFIA FUJIMORI HIGUCHI,FUERZA POPULAR,9528256.0,51.11765086155445
2026-06-08T00:17:25,78.292,ROBERTO HELBERT SANCHEZ PALOMINO,JUNTOS POR EL PERÚ,9111599.0,48.882349138445555
2026-06-08T00:22:01,78.609,KEIKO SOFIA FUJIMORI HIGUCHI,FUERZA POPULAR,9524092.0,51.09143040729358
2026-06-08T00:22:01,78.609,ROBERTO HELBERT SANCHEZ PALOMINO,JUNTOS POR EL PERÚ,9117179.0,48.90856959270642
2026-06-08T00:28:01,79.135,KEIKO SOFIA FUJIMORI HIGUCHI,FUERZA POPULAR,9508742.0,51.07675283987522
2026-06-08T00:28:01,79.135,ROBERTO HELBERT SANCHEZ PALOMINO,JUNTOS POR EL PERÚ,9107833.0,48.92324716012478
2026-06-08T00:32:01,79.657,KEIKO SOFIA FUJIMORI HIGUCHI,FUERZA POPULAR,9502788.0,51.05641534705302
2026-06-08T00:32:01,79.657,ROBERTO HELBERT SANCHEZ PALOMINO,JUNTOS POR EL PERÚ,9109541.0,48.94358465294698
2026-06-08T00:38:01,80.161,KEIKO SOFIA FUJIMORI HIGUCHI,FUERZA POPULAR,9488169.0,51.01676022350836
2026-06-08T00:38:01,80.161,ROBERTO HELBERT SANCHEZ PALOMINO,JUNTOS POR EL PERÚ,9109972.0,48.98323977649164
2026-06-08T00:42:01,80.738,KEIKO SOFIA FUJIMORI HIGUCHI,FUERZA POPULAR,9477368.0,50.99089425258575
2026-06-08T00:42:01,80.738,ROBERTO HELBERT SANCHEZ PALOMINO,JUNTOS POR EL PERÚ,9109025.0,49.00910574741425
2026-06-08T00:48:01,81.266,KEIKO SOFIA FUJIMORI HIGUCHI,FUERZA POPULAR,9467971.0,50.960260455739416
2026-06-08T00:48:01,81.266,ROBERTO HELBERT SANCHEZ PALOMINO,JUNTOS POR EL PERÚ,9111155.0,49.039739544260584
2026-06-08T00:52:21,81.812,KEIKO SOFIA FUJIMORI HIGUCHI,FUERZA POPULAR,9459489.0,50.92604541179727
2026-06-08T00:52:21,81.812,ROBERTO HELBERT SANCHEZ PALOMINO,JUNTOS POR EL PERÚ,9115464.0,49.07395458820273
2026-06-08T00:58:01,82.242,KEIKO SOFIA FUJIMORI HIGUCHI,FUERZA POPULAR,9452688.0,50.896331041137046
2026-06-08T00:58:01,82.242,ROBERTO HELBERT SANCHEZ PALOMINO,JUNTOS POR EL PERÚ,9119747.0,49.10366895886296
2026-06-08T01:02:01,82.76,KEIKO SOFIA FUJIMORI HIGUCHI,FUERZA POPULAR,9436469.0,50.86810823544252
2026-06-08T01:02:01,82.76,ROBERTO HELBERT SANCHEZ PALOMINO,JUNTOS POR EL PERÚ,9114386.0,49.13189176455749
2026-06-08T01:08:01,83.27,KEIKO SOFIA FUJIMORI HIGUCHI,FUERZA POPULAR,9425027.0,50.83418798347961
2026-06-08T01:08:01,83.27,ROBERTO HELBERT SANCHEZ PALOMINO,JUNTOS POR EL PERÚ,9115698.0,49.16581201652039
2026-06-08T01:12:01,83.74,KEIKO SOFIA FUJIMORI HIGUCHI,FUERZA POPULAR,9414311.0,50.798128571136424
2026-06-08T01:12:01,83.74,ROBERTO HELBERT SANCHEZ PALOMINO,JUNTOS POR EL PERÚ,9118480.0,49.201871428863576
2026-06-08T01:16:01,84.173,KEIKO SOFIA FUJIMORI HIGUCHI,FUERZA POPULAR,9405076.0,50.77315471980302
2026-06-08T01:16:01,84.173,ROBERTO HELBERT SANCHEZ PALOMINO,JUNTOS POR EL PERÚ,9118642.0,49.22684528019699
2026-06-08T01:22:01,84.69,KEIKO SOFIA FUJIMORI HIGUCHI,FUERZA POPULAR,9394258.0,50.743331032643255
2026-06-08T01:22:01,84.69,ROBERTO HELBERT SANCHEZ PALOMINO,JUNTOS POR EL PERÚ,9119028.0,49.256668967356745
2026-06-08T01:26:01,85.097,KEIKO SOFIA FUJIMORI HIGUCHI,FUERZA POPULAR,9385016.0,50.709458424447654
2026-06-08T01:26:01,85.097,ROBERTO HELBERT SANCHEZ PALOMINO,JUNTOS POR EL PERÚ,9122411.0,49.290541575552346
2026-06-08T01:32:01,85.557,KEIKO SOFIA FUJIMORI HIGUCHI,FUERZA POPULAR,9373952.0,50.6696328427388
2026-06-08T01:32:01,85.557,ROBERTO HELBERT SANCHEZ PALOMINO,JUNTOS POR EL PERÚ,9126186.0,49.33036715726121
2026-06-08T01:38:01,86.039,KEIKO SOFIA FUJIMORI HIGUCHI,FUERZA POPULAR,9362497.0,50.63101816427904
2026-06-08T01:38:01,86.039,ROBERTO HELBERT SANCHEZ PALOMINO,JUNTOS POR EL PERÚ,9129126.0,49.368981835720966
2026-06-08T01:42:01,86.415,KEIKO SOFIA FUJIMORI HIGUCHI,FUERZA POPULAR,9351743.0,50.60014382912611
2026-06-08T01:42:01,86.415,ROBERTO HELBERT SANCHEZ PALOMINO,JUNTOS POR EL PERÚ,9129910.0,49.399856170873896
2026-06-08T01:48:01,86.839,KEIKO SOFIA FUJIMORI HIGUCHI,FUERZA POPULAR,9341022.0,50.56389353513373
2026-06-08T01:48:01,86.839,ROBERTO HELBERT SANCHEZ PALOMINO,JUNTOS POR EL PERÚ,9132678.0,49.43610646486627
2026-06-08T01:52:01,87.238,KEIKO SOFIA FUJIMORI HIGUCHI,FUERZA POPULAR,9329998.0,50.53600951442142
2026-06-08T01:52:01,87.238,ROBERTO HELBERT SANCHEZ PALOMINO,JUNTOS POR EL PERÚ,9132081.0,49.46399048557858
2026-06-08T01:58:01,87.548,KEIKO SOFIA FUJIMORI HIGUCHI,FUERZA POPULAR,9323821.0,50.52455728117607
2026-06-08T01:58:01,87.548,ROBERTO HELBERT SANCHEZ PALOMINO,JUNTOS POR EL PERÚ,9130217.0,49.47544271882393
2026-06-08T02:02:01,87.893,KEIKO SOFIA FUJIMORI HIGUCHI,FUERZA POPULAR,9316713.0,50.50454603704092
2026-06-08T02:02:01,87.893,ROBERTO HELBERT SANCHEZ PALOMINO,JUNTOS POR EL PERÚ,9130563.0,49.49545396295908
2026-06-08T02:08:01,88.132,KEIKO SOFIA FUJIMORI HIGUCHI,FUERZA POPULAR,9315056.0,50.496508064132726
2026-06-08T02:08:01,88.132,ROBERTO HELBERT SANCHEZ PALOMINO,JUNTOS POR EL PERÚ,9131875.0,49.503491935867274
2026-06-08T02:12:01,88.342,KEIKO SOFIA FUJIMORI HIGUCHI,FUERZA POPULAR,9309086.0,50.480966535913005
2026-06-08T02:12:01,88.342,ROBERTO HELBERT SANCHEZ PALOMINO,JUNTOS POR EL PERÚ,9131698.0,49.519033464086995
2026-06-08T02:18:01,88.654,KEIKO SOFIA FUJIMORI HIGUCHI,FUERZA POPULAR,9305558.0,50.44186155680323
2026-06-08T02:18:01,88.654,ROBERTO HELBERT SANCHEZ PALOMINO,JUNTOS POR EL PERÚ,9142528.0,49.55813844319677
2026-06-08T02:22:01,88.926,KEIKO SOFIA FUJIMORI HIGUCHI,FUERZA POPULAR,9295866.0,50.442865549864194
2026-06-08T02:22:01,88.926,ROBERTO HELBERT SANCHEZ PALOMINO,JUNTOS POR EL PERÚ,9132639.0,49.557134450135806
2026-06-08T02:28:01,89.149,KEIKO SOFIA FUJIMORI HIGUCHI,FUERZA POPULAR,9289505.0,50.43327970326929
2026-06-08T02:28:01,89.149,ROBERTO HELBERT SANCHEZ PALOMINO,JUNTOS POR EL PERÚ,9129890.0,49.56672029673071
2026-06-08T02:32:01,89.364,KEIKO SOFIA FUJIMORI HIGUCHI,FUERZA POPULAR,9288872.0,50.41061692938727
2026-06-08T02:32:01,89.364,ROBERTO HELBERT SANCHEZ PALOMINO,JUNTOS POR EL PERÚ,9137548.0,49.58938307061274
2026-06-08T02:38:01,89.645,KEIKO SOFIA FUJIMORI HIGUCHI,FUERZA POPULAR,9277877.0,50.39584730105693
2026-06-08T02:38:01,89.645,ROBERTO HELBERT SANCHEZ PALOMINO,JUNTOS POR EL PERÚ,9132126.0,49.60415269894307
2026-06-08T02:42:01,89.943,KEIKO SOFIA FUJIMORI HIGUCHI,FUERZA POPULAR,9269086.0,50.36386180575781
2026-06-08T02:42:01,89.943,ROBERTO HELBERT SANCHEZ PALOMINO,JUNTOS POR EL PERÚ,9135154.0,49.63613819424219
2026-06-08T02:46:00,90.123,KEIKO SOFIA FUJIMORI HIGUCHI,FUERZA POPULAR,9262905.0,50.35235595235312
2026-06-08T02:46:00,90.123,ROBERTO HELBERT SANCHEZ PALOMINO,JUNTOS POR EL PERÚ,9133265.0,49.64764404764687
2026-06-08T02:52:01,90.354,KEIKO SOFIA FUJIMORI HIGUCHI,FUERZA POPULAR,9257397.0,50.339692708849924
2026-06-08T02:52:01,90.354,ROBERTO HELBERT SANCHEZ PALOMINO,JUNTOS POR EL PERÚ,9132459.0,49.66030729115008
2026-06-08T02:56:01,90.573,KEIKO SOFIA FUJIMORI HIGUCHI,FUERZA POPULAR,9261227.0,50.32230535169844
2026-06-08T02:56:01,90.573,ROBERTO HELBERT SANCHEZ PALOMINO,JUNTOS POR EL PERÚ,9142594.0,49.67769464830157
2026-06-08T03:02:01,90.824,KEIKO SOFIA FUJIMORI HIGUCHI,FUERZA POPULAR,9249072.0,50.322734392810254
2026-06-08T03:02:01,90.824,ROBERTO HELBERT SANCHEZ PALOMINO,JUNTOS POR EL PERÚ,9130438.0,49.677265607189746
2026-06-08T03:08:01,91.02,KEIKO SOFIA FUJIMORI HIGUCHI,FUERZA POPULAR,9252820.0,50.31450302844497
2026-06-08T03:08:01,91.02,ROBERTO HELBERT SANCHEZ PALOMINO,JUNTOS POR EL PERÚ,9137146.0,49.68549697155503
2026-06-08T03:12:01,91.308,KEIKO SOFIA FUJIMORI HIGUCHI,FUERZA POPULAR,9242938.0,50.31135770597395
2026-06-08T03:12:01,91.308,ROBERTO HELBERT SANCHEZ PALOMINO,JUNTOS POR EL PERÚ,9128536.0,49.68864229402605
2026-06-08T03:16:01,91.493,KEIKO SOFIA FUJIMORI HIGUCHI,FUERZA POPULAR,9240432.0,50.30541964926023
2026-06-08T03:16:01,91.493,ROBERTO HELBERT SANCHEZ PALOMINO,JUNTOS POR EL PERÚ,9128229.0,49.69458035073978
2026-06-08T03:22:01,91.704,KEIKO SOFIA FUJIMORI HIGUCHI,FUERZA POPULAR,9236613.0,50.29241278553452
2026-06-08T03:22:01,91.704,ROBERTO HELBERT SANCHEZ PALOMINO,JUNTOS POR EL PERÚ,9129205.0,49.707587214465484
2026-06-08T03:28:00,91.862,KEIKO SOFIA FUJIMORI HIGUCHI,FUERZA POPULAR,9232650.0,50.28317148578489
2026-06-08T03:28:00,91.862,ROBERTO HELBERT SANCHEZ PALOMINO,JUNTOS POR EL PERÚ,9128662.0,49.71682851421511
2026-06-08T03:32:00,92.021,KEIKO SOFIA FUJIMORI HIGUCHI,FUERZA POPULAR,9229345.0,50.27687199444312
2026-06-08T03:32:00,92.021,ROBERTO HELBERT SANCHEZ PALOMINO,JUNTOS POR EL PERÚ,9127694.0,49.72312800555689
2026-06-08T03:38:01,92.169,KEIKO SOFIA FUJIMORI HIGUCHI,FUERZA POPULAR,9224767.0,50.269911284035494
2026-06-08T03:38:01,92.169,ROBERTO HELBERT SANCHEZ PALOMINO,JUNTOS POR EL PERÚ,9125707.0,49.730088715964506
2026-06-08T03:42:01,92.352,KEIKO SOFIA FUJIMORI HIGUCHI,FUERZA POPULAR,9219160.0,50.25509236223071
2026-06-08T03:42:01,92.352,ROBERTO HELBERT SANCHEZ PALOMINO,JUNTOS POR EL PERÚ,9125568.0,49.74490763776928
2026-06-08T03:48:00,92.455,KEIKO SOFIA FUJIMORI HIGUCHI,FUERZA POPULAR,9218886.0,50.25056367014291
2026-06-08T03:48:00,92.455,ROBERTO HELBERT SANCHEZ PALOMINO,JUNTOS POR EL PERÚ,9126950.0,49.74943632985709
2026-06-08T03:52:01,92.557,KEIKO SOFIA FUJIMORI HIGUCHI,FUERZA POPULAR,9218745.0,50.23826095713755
2026-06-08T03:52:01,92.557,ROBERTO HELBERT SANCHEZ PALOMINO,JUNTOS POR EL PERÚ,9131303.0,49.76173904286245
2026-06-08T03:58:00,92.703,KEIKO SOFIA FUJIMORI HIGUCHI,FUERZA POPULAR,9212481.0,50.22695543004804
2026-06-08T03:58:00,92.703,ROBERTO HELBERT SANCHEZ PALOMINO,JUNTOS POR EL PERÚ,9129226.0,49.77304456995197
2026-06-08T04:02:00,92.802,KEIKO SOFIA FUJIMORI HIGUCHI,FUERZA POPULAR,9205394.0,50.222384803755084
2026-06-08T04:02:00,92.802,ROBERTO HELBERT SANCHEZ PALOMINO,JUNTOS POR EL PERÚ,9123871.0,49.77761519624491
2026-06-08T04:08:00,92.865,KEIKO SOFIA FUJIMORI HIGUCHI,FUERZA POPULAR,9204389.0,50.21763054272631
2026-06-08T04:08:00,92.865,ROBERTO HELBERT SANCHEZ PALOMINO,JUNTOS POR EL PERÚ,9124610.0,49.78236945727369
2026-06-08T04:12:00,92.947,KEIKO SOFIA FUJIMORI HIGUCHI,FUERZA POPULAR,9203827.0,50.21430683995111
2026-06-08T04:12:00,92.947,ROBERTO HELBERT SANCHEZ PALOMINO,JUNTOS POR EL PERÚ,9125266.0,49.785693160048886
2026-06-08T04:18:00,93.038,KEIKO SOFIA FUJIMORI HIGUCHI,FUERZA POPULAR,9200683.0,50.19687991719003
2026-06-08T04:18:00,93.038,ROBERTO HELBERT SANCHEZ PALOMINO,JUNTOS POR EL PERÚ,9128510.0,49.803120082809976
2026-06-08T04:22:00,93.139,KEIKO SOFIA FUJIMORI HIGUCHI,FUERZA POPULAR,9197519.0,50.18085256478595
2026-06-08T04:22:00,93.139,ROBERTO HELBERT SANCHEZ PALOMINO,JUNTOS POR EL PERÚ,9131223.0,49.81914743521405
2026-06-08T04:32:00,93.3,KEIKO SOFIA FUJIMORI HIGUCHI,FUERZA POPULAR,9191033.0,50.1736939246431
2026-06-08T04:32:00,93.3,ROBERTO HELBERT SANCHEZ PALOMINO,JUNTOS POR EL PERÚ,9127397.0,49.8263060753569
2026-06-08T04:36:00,93.431,KEIKO SOFIA FUJIMORI HIGUCHI,FUERZA POPULAR,9182673.0,50.16686827731558
2026-06-08T04:36:00,93.431,ROBERTO HELBERT SANCHEZ PALOMINO,JUNTOS POR EL PERÚ,9121585.0,49.83313172268441
2026-06-08T04:42:00,93.526,KEIKO SOFIA FUJIMORI HIGUCHI,FUERZA POPULAR,9182969.0,50.153982476140456
2026-06-08T04:42:00,93.526,ROBERTO HELBERT SANCHEZ PALOMINO,JUNTOS POR EL PERÚ,9126582.0,49.846017523859544
2026-06-08T04:48:00,93.68,KEIKO SOFIA FUJIMORI HIGUCHI,FUERZA POPULAR,9173936.0,50.14373380149054
2026-06-08T04:48:00,93.68,ROBERTO HELBERT SANCHEZ PALOMINO,JUNTOS POR EL PERÚ,9121343.0,49.856266198509466
2026-06-08T04:52:00,93.789,KEIKO SOFIA FUJIMORI HIGUCHI,FUERZA POPULAR,9177057.0,50.12891851995575
2026-06-08T04:52:00,93.789,ROBERTO HELBERT SANCHEZ PALOMINO,JUNTOS POR EL PERÚ,9129855.0,49.87108148004426
2026-06-08T04:58:00,93.943,KEIKO SOFIA FUJIMORI HIGUCHI,FUERZA POPULAR,9177211.0,50.12128613604572
2026-06-08T04:58:00,93.943,ROBERTO HELBERT SANCHEZ PALOMINO,JUNTOS POR EL PERÚ,9132796.0,49.87871386395428
2026-06-08T05:02:00,94.133,KEIKO SOFIA FUJIMORI HIGUCHI,FUERZA POPULAR,9159626.0,50.11424435193235
2026-06-08T05:02:00,94.133,ROBERTO HELBERT SANCHEZ PALOMINO,JUNTOS POR EL PERÚ,9117864.0,49.88575564806765
2026-06-08T05:12:00,94.296,KEIKO SOFIA FUJIMORI HIGUCHI,FUERZA POPULAR,9157090.0,50.10207712295548
2026-06-08T05:12:00,94.296,ROBERTO HELBERT SANCHEZ PALOMINO,JUNTOS POR EL PERÚ,9119777.0,49.897922877044515
2026-06-08T05:16:00,94.334,KEIKO SOFIA FUJIMORI HIGUCHI,FUERZA POPULAR,9155421.0,50.09988598764332
2026-06-08T05:16:00,94.334,ROBERTO HELBERT SANCHEZ PALOMINO,JUNTOS POR EL PERÚ,9118914.0,49.900114012356674
2026-06-08T05:22:00,94.397,KEIKO SOFIA FUJIMORI HIGUCHI,FUERZA POPULAR,9152144.0,50.09382866549063
2026-06-08T05:22:00,94.397,ROBERTO HELBERT SANCHEZ PALOMINO,JUNTOS POR EL PERÚ,9117859.0,49.90617133450936
2026-06-08T05:26:00,94.434,KEIKO SOFIA FUJIMORI HIGUCHI,FUERZA POPULAR,9150437.0,50.09422739503297
2026-06-08T05:26:00,94.434,ROBERTO HELBERT SANCHEZ PALOMINO,JUNTOS POR EL PERÚ,9116013.0,49.905772604967034
2026-06-08T05:32:00,94.481,KEIKO SOFIA FUJIMORI HIGUCHI,FUERZA POPULAR,9151006.0,50.08897341591467
2026-06-08T05:32:00,94.481,ROBERTO HELBERT SANCHEZ PALOMINO,JUNTOS POR EL PERÚ,9118496.0,49.91102658408532
2026-06-08T05:38:00,94.573,KEIKO SOFIA FUJIMORI HIGUCHI,FUERZA POPULAR,9145329.0,50.076012049349906
2026-06-08T05:38:00,94.573,ROBERTO HELBERT SANCHEZ PALOMINO,JUNTOS POR EL PERÚ,9117565.0,49.9239879506501
2026-06-08T05:42:00,94.632,KEIKO SOFIA FUJIMORI HIGUCHI,FUERZA POPULAR,9142235.0,50.077428494288434
2026-06-08T05:42:00,94.632,ROBERTO HELBERT SANCHEZ PALOMINO,JUNTOS POR EL PERÚ,9113964.0,49.922571505711566
2026-06-08T05:46:00,94.657,KEIKO SOFIA FUJIMORI HIGUCHI,FUERZA POPULAR,9142443.0,50.07403115798994
2026-06-08T05:46:00,94.657,ROBERTO HELBERT SANCHEZ PALOMINO,JUNTOS POR EL PERÚ,9115410.0,49.925968842010064
2026-06-08T05:52:00,94.689,KEIKO SOFIA FUJIMORI HIGUCHI,FUERZA POPULAR,9141780.0,50.07189449835649
2026-06-08T05:52:00,94.689,ROBERTO HELBERT SANCHEZ PALOMINO,JUNTOS POR EL PERÚ,9115528.0,49.92810550164351
2026-06-08T05:58:00,94.729,KEIKO SOFIA FUJIMORI HIGUCHI,FUERZA POPULAR,9139708.0,50.07220708685713
2026-06-08T05:58:00,94.729,ROBERTO HELBERT SANCHEZ PALOMINO,JUNTOS POR EL PERÚ,9113348.0,49.92779291314287
2026-06-08T06:02:00,94.747,KEIKO SOFIA FUJIMORI HIGUCHI,FUERZA POPULAR,9139779.0,50.0710516637824
2026-06-08T06:02:00,94.747,ROBERTO HELBERT SANCHEZ PALOMINO,JUNTOS POR EL PERÚ,9113840.0,49.9289483362176
2026-06-08T06:08:00,94.775,KEIKO SOFIA FUJIMORI HIGUCHI,FUERZA POPULAR,9138249.0,50.069711050080834
2026-06-08T06:08:00,94.775,ROBERTO HELBERT SANCHEZ PALOMINO,JUNTOS POR EL PERÚ,9112803.0,49.93028894991916
2026-06-08T06:12:00,94.807,KEIKO SOFIA FUJIMORI HIGUCHI,FUERZA POPULAR,9137675.0,50.06326341247899
2026-06-08T06:12:00,94.807,ROBERTO HELBERT SANCHEZ PALOMINO,JUNTOS POR EL PERÚ,9114581.0,49.93673658752102
2026-06-08T06:18:00,94.854,KEIKO SOFIA FUJIMORI HIGUCHI,FUERZA POPULAR,9136198.0,50.066162512359405
2026-06-08T06:18:00,94.854,ROBERTO HELBERT SANCHEZ PALOMINO,JUNTOS POR EL PERÚ,9112051.0,49.933837487640595
2026-06-08T06:22:00,94.856,KEIKO SOFIA FUJIMORI HIGUCHI,FUERZA POPULAR,9137048.0,50.06267252614743
2026-06-08T06:22:00,94.856,ROBERTO HELBERT SANCHEZ PALOMINO,JUNTOS POR EL PERÚ,9114171.0,49.93732747385257
2026-06-08T06:28:00,94.877,KEIKO SOFIA FUJIMORI HIGUCHI,FUERZA POPULAR,9136472.0,50.06417154378071
2026-06-08T06:28:00,94.877,ROBERTO HELBERT SANCHEZ PALOMINO,JUNTOS POR EL PERÚ,9113050.0,49.93582845621929
2026-06-08T06:32:00,94.896,KEIKO SOFIA FUJIMORI HIGUCHI,FUERZA POPULAR,9136169.0,50.06366340656104
2026-06-08T06:32:00,94.896,ROBERTO HELBERT SANCHEZ PALOMINO,JUNTOS POR EL PERÚ,9112933.0,49.93633659343895
2026-06-08T06:38:00,94.93,KEIKO SOFIA FUJIMORI HIGUCHI,FUERZA POPULAR,9136248.0,50.05785590862541
2026-06-08T06:38:00,94.93,ROBERTO HELBERT SANCHEZ PALOMINO,JUNTOS POR EL PERÚ,9115129.0,49.94214409137459
2026-06-08T06:42:00,94.999,KEIKO SOFIA FUJIMORI HIGUCHI,FUERZA POPULAR,9132660.0,50.057467103104955
2026-06-08T06:42:00,94.999,ROBERTO HELBERT SANCHEZ PALOMINO,JUNTOS POR EL PERÚ,9111691.0,49.942532896895045
2026-06-08T06:48:00,95.033,KEIKO SOFIA FUJIMORI HIGUCHI,FUERZA POPULAR,9131814.0,50.05679467953187
2026-06-08T06:48:00,95.033,ROBERTO HELBERT SANCHEZ PALOMINO,JUNTOS POR EL PERÚ,9111092.0,49.94320532046813
2026-06-08T06:52:00,95.056,KEIKO SOFIA FUJIMORI HIGUCHI,FUERZA POPULAR,9131867.0,50.05540872409635
2026-06-08T06:52:00,95.056,ROBERTO HELBERT SANCHEZ PALOMINO,JUNTOS POR EL PERÚ,9111650.0,49.944591275903655
2026-06-08T06:58:00,95.091,KEIKO SOFIA FUJIMORI HIGUCHI,FUERZA POPULAR,9131652.0,50.05520698962202
2026-06-08T06:58:00,95.091,ROBERTO HELBERT SANCHEZ PALOMINO,JUNTOS POR EL PERÚ,9111509.0,49.94479301037797
2026-06-08T07:02:00,95.121,KEIKO SOFIA FUJIMORI HIGUCHI,FUERZA POPULAR,9131000.0,50.055117641038414
2026-06-08T07:02:00,95.121,ROBERTO HELBERT SANCHEZ PALOMINO,JUNTOS POR EL PERÚ,9110891.0,49.94488235896158
2026-06-08T07:08:00,95.138,KEIKO SOFIA FUJIMORI HIGUCHI,FUERZA POPULAR,9131277.0,50.052235056933995
2026-06-08T07:08:00,95.138,ROBERTO HELBERT SANCHEZ PALOMINO,JUNTOS POR EL PERÚ,9112218.0,49.947764943066005
2026-06-08T07:12:00,95.179,KEIKO SOFIA FUJIMORI HIGUCHI,FUERZA POPULAR,9128673.0,50.04876489050694
2026-06-08T07:12:00,95.179,ROBERTO HELBERT SANCHEZ PALOMINO,JUNTOS POR EL PERÚ,9110884.0,49.95123510949306
2026-06-08T07:16:00,95.197,KEIKO SOFIA FUJIMORI HIGUCHI,FUERZA POPULAR,9129260.0,50.04921722545327
2026-06-08T07:16:00,95.197,ROBERTO HELBERT SANCHEZ PALOMINO,JUNTOS POR EL PERÚ,9111305.0,49.95078277454673
2026-06-08T07:22:00,95.22,KEIKO SOFIA FUJIMORI HIGUCHI,FUERZA POPULAR,9129054.0,50.047182443624614
2026-06-08T07:22:00,95.22,ROBERTO HELBERT SANCHEZ PALOMINO,JUNTOS POR EL PERÚ,9111841.0,49.952817556375386
2026-06-08T07:28:00,95.245,KEIKO SOFIA FUJIMORI HIGUCHI,FUERZA POPULAR,9126931.0,50.04851348156038
2026-06-08T07:28:00,95.245,ROBERTO HELBERT SANCHEZ PALOMINO,JUNTOS POR EL PERÚ,9109237.0,49.95148651843962
2026-06-08T07:32:00,95.285,KEIKO SOFIA FUJIMORI HIGUCHI,FUERZA POPULAR,9124729.0,50.04231100226456
2026-06-08T07:32:00,95.285,ROBERTO HELBERT SANCHEZ PALOMINO,JUNTOS POR EL PERÚ,9109299.0,49.957688997735445
2026-06-08T07:38:00,95.333,KEIKO SOFIA FUJIMORI HIGUCHI,FUERZA POPULAR,9122226.0,50.030101228646764
2026-06-08T07:38:00,95.333,ROBERTO HELBERT SANCHEZ PALOMINO,JUNTOS POR EL PERÚ,9111249.0,49.969898771353236
2026-06-08T07:42:00,95.364,KEIKO SOFIA FUJIMORI HIGUCHI,FUERZA POPULAR,9121720.0,50.02306275465753
2026-06-08T07:42:00,95.364,ROBERTO HELBERT SANCHEZ PALOMINO,JUNTOS POR EL PERÚ,9113309.0,49.97693724534247
2026-06-08T07:48:00,95.412,KEIKO SOFIA FUJIMORI HIGUCHI,FUERZA POPULAR,9118927.0,50.02640135802551
2026-06-08T07:48:00,95.412,ROBERTO HELBERT SANCHEZ PALOMINO,JUNTOS POR EL PERÚ,9109302.0,49.97359864197449
2026-06-08T07:52:00,95.421,KEIKO SOFIA FUJIMORI HIGUCHI,FUERZA POPULAR,9119788.0,50.01845844683043
2026-06-08T07:52:00,95.421,ROBERTO HELBERT SANCHEZ PALOMINO,JUNTOS POR EL PERÚ,9113057.0,49.98154155316957
2026-06-08T07:58:00,95.461,KEIKO SOFIA FUJIMORI HIGUCHI,FUERZA POPULAR,9117523.0,50.024508792659674
2026-06-08T07:58:00,95.461,ROBERTO HELBERT SANCHEZ PALOMINO,JUNTOS POR EL PERÚ,9108589.0,49.975491207340326
2026-06-08T08:02:00,95.477,KEIKO SOFIA FUJIMORI HIGUCHI,FUERZA POPULAR,9116873.0,50.02453524463337
2026-06-08T08:02:00,95.477,ROBERTO HELBERT SANCHEZ PALOMINO,JUNTOS POR EL PERÚ,9107930.0,49.97546475536663
2026-06-08T08:08:00,95.479,KEIKO SOFIA FUJIMORI HIGUCHI,FUERZA POPULAR,9117275.0,50.02440790461664
2026-06-08T08:08:00,95.479,ROBERTO HELBERT SANCHEZ PALOMINO,JUNTOS POR EL PERÚ,9108378.0,49.97559209538336
2026-06-08T08:12:00,95.5,KEIKO SOFIA FUJIMORI HIGUCHI,FUERZA POPULAR,9117887.0,50.02120084737557
2026-06-08T08:12:00,95.5,ROBERTO HELBERT SANCHEZ PALOMINO,JUNTOS POR EL PERÚ,9110158.0,49.97879915262443
2026-06-08T08:18:00,95.544,KEIKO SOFIA FUJIMORI HIGUCHI,FUERZA POPULAR,9116227.0,50.02100160336474
2026-06-08T08:18:00,95.544,ROBERTO HELBERT SANCHEZ PALOMINO,JUNTOS POR EL PERÚ,9108572.0,49.97899839663526
2026-06-08T08:22:00,95.599,KEIKO SOFIA FUJIMORI HIGUCHI,FUERZA POPULAR,9112564.0,50.01420146363714
2026-06-08T08:22:00,95.599,ROBERTO HELBERT SANCHEZ PALOMINO,JUNTOS POR EL PERÚ,9107389.0,49.98579853636285
2026-06-08T08:28:00,95.633,KEIKO SOFIA FUJIMORI HIGUCHI,FUERZA POPULAR,9111826.0,50.01084814847929
2026-06-08T08:28:00,95.633,ROBERTO HELBERT SANCHEZ PALOMINO,JUNTOS POR EL PERÚ,9107873.0,49.98915185152071
2026-06-08T08:32:00,95.652,KEIKO SOFIA FUJIMORI HIGUCHI,FUERZA POPULAR,9111304.0,50.01070602869896
2026-06-08T08:32:00,95.652,ROBERTO HELBERT SANCHEZ PALOMINO,JUNTOS POR EL PERÚ,9107403.0,49.98929397130104
2026-06-08T08:38:00,95.674,KEIKO SOFIA FUJIMORI HIGUCHI,FUERZA POPULAR,9110587.0,50.01043783979588
2026-06-08T08:38:00,95.674,ROBERTO HELBERT SANCHEZ PALOMINO,JUNTOS POR EL PERÚ,9106784.0,49.98956216020412
2026-06-08T08:42:00,95.693,KEIKO SOFIA FUJIMORI HIGUCHI,FUERZA POPULAR,9110323.0,50.010501283978215
2026-06-08T08:42:00,95.693,ROBERTO HELBERT SANCHEZ PALOMINO,JUNTOS POR EL PERÚ,9106497.0,49.989498716021785
2026-06-08T08:48:00,95.701,KEIKO SOFIA FUJIMORI HIGUCHI,FUERZA POPULAR,9110564.0,50.00926843275001
2026-06-08T08:48:00,95.701,ROBERTO HELBERT SANCHEZ PALOMINO,JUNTOS POR EL PERÚ,9107187.0,49.99073156724999
2026-06-08T08:52:00,95.716,KEIKO SOFIA FUJIMORI HIGUCHI,FUERZA POPULAR,9111603.0,50.009536364724596
2026-06-08T08:52:00,95.716,ROBERTO HELBERT SANCHEZ PALOMINO,JUNTOS POR EL PERÚ,9108128.0,49.990463635275404
2026-06-08T08:58:00,95.744,KEIKO SOFIA FUJIMORI HIGUCHI,FUERZA POPULAR,9109964.0,50.012456499696135
2026-06-08T08:58:00,95.744,ROBERTO HELBERT SANCHEZ PALOMINO,JUNTOS POR EL PERÚ,9105426.0,49.987543500303865
2026-06-08T09:02:00,95.753,KEIKO SOFIA FUJIMORI HIGUCHI,FUERZA POPULAR,9110589.0,50.01289766260538
2026-06-08T09:02:00,95.753,ROBERTO HELBERT SANCHEZ PALOMINO,JUNTOS POR EL PERÚ,9105890.0,49.98710233739462
2026-06-08T09:08:00,95.769,KEIKO SOFIA FUJIMORI HIGUCHI,FUERZA POPULAR,9109181.0,50.0115047783399
2026-06-08T09:08:00,95.769,ROBERTO HELBERT SANCHEZ PALOMINO,JUNTOS POR EL PERÚ,9104990.0,49.9884952216601
2026-06-08T09:12:00,95.779,KEIKO SOFIA FUJIMORI HIGUCHI,FUERZA POPULAR,9108748.0,50.01094791843504
2026-06-08T09:12:00,95.779,ROBERTO HELBERT SANCHEZ PALOMINO,JUNTOS POR EL PERÚ,9104760.0,49.98905208156496
2026-06-08T09:18:00,95.78,KEIKO SOFIA FUJIMORI HIGUCHI,FUERZA POPULAR,9108741.0,50.011082472316474
2026-06-08T09:18:00,95.78,ROBERTO HELBERT SANCHEZ PALOMINO,JUNTOS POR EL PERÚ,9104704.0,49.98891752768353
2026-06-08T09:22:00,95.782,KEIKO SOFIA FUJIMORI HIGUCHI,FUERZA POPULAR,9108807.0,50.0103327961963
2026-06-08T09:22:00,95.782,ROBERTO HELBERT SANCHEZ PALOMINO,JUNTOS POR EL PERÚ,9105043.0,49.9896672038037
2026-06-08T09:28:00,95.792,KEIKO SOFIA FUJIMORI HIGUCHI,FUERZA POPULAR,9108829.0,50.012828759261595
2026-06-08T09:28:00,95.792,ROBERTO HELBERT SANCHEZ PALOMINO,JUNTOS POR EL PERÚ,9104156.0,49.98717124073841
2026-06-08T09:32:00,95.796,KEIKO SOFIA FUJIMORI HIGUCHI,FUERZA POPULAR,9109336.0,50.011927423944904
2026-06-08T09:32:00,95.796,ROBERTO HELBERT SANCHEZ PALOMINO,JUNTOS POR EL PERÚ,9104991.0,49.9880725760551
2026-06-08T09:38:00,95.807,KEIKO SOFIA FUJIMORI HIGUCHI,FUERZA POPULAR,9110901.0,50.01152182251848
2026-06-08T09:38:00,95.807,ROBERTO HELBERT SANCHEZ PALOMINO,JUNTOS POR EL PERÚ,9106703.0,49.98847817748152
2026-06-08T09:42:00,95.836,KEIKO SOFIA FUJIMORI HIGUCHI,FUERZA POPULAR,9108998.0,50.00863306540361
2026-06-08T09:42:00,95.836,ROBERTO HELBERT SANCHEZ PALOMINO,JUNTOS POR EL PERÚ,9105853.0,49.99136693459639
2026-06-08T09:48:00,95.856,KEIKO SOFIA FUJIMORI HIGUCHI,FUERZA POPULAR,9106946.0,50.007811192843555
2026-06-08T09:48:00,95.856,ROBERTO HELBERT SANCHEZ PALOMINO,JUNTOS POR EL PERÚ,9104101.0,49.992188807156445
2026-06-08T09:52:00,95.869,KEIKO SOFIA FUJIMORI HIGUCHI,FUERZA POPULAR,9106798.0,50.00191896983769
2026-06-08T09:52:00,95.869,ROBERTO HELBERT SANCHEZ PALOMINO,JUNTOS POR EL PERÚ,9106099.0,49.998081030162304
2026-06-08T09:58:00,95.897,KEIKO SOFIA FUJIMORI HIGUCHI,FUERZA POPULAR,9107693.0,50.00059016739398
2026-06-08T09:58:00,95.897,ROBERTO HELBERT SANCHEZ PALOMINO,JUNTOS POR EL PERÚ,9107478.0,49.99940983260602
2026-06-08T10:02:00,95.944,ROBERTO HELBERT SANCHEZ PALOMINO,JUNTOS POR EL PERÚ,9103231.0,50.00150225901857
2026-06-08T10:02:00,95.944,KEIKO SOFIA FUJIMORI HIGUCHI,FUERZA POPULAR,9102684.0,49.998497740981435
2026-06-08T10:08:00,95.959,ROBERTO HELBERT SANCHEZ PALOMINO,JUNTOS POR EL PERÚ,9105299.0,50.008471777556885
2026-06-08T10:08:00,95.959,KEIKO SOFIA FUJIMORI HIGUCHI,FUERZA POPULAR,9102214.0,49.99152822244312
2026-06-08T10:12:00,95.992,ROBERTO HELBERT SANCHEZ PALOMINO,JUNTOS POR EL PERÚ,9103649.0,50.01012436432946
2026-06-08T10:12:00,95.992,KEIKO SOFIA FUJIMORI HIGUCHI,FUERZA POPULAR,9099963.0,49.98987563567055
2026-06-08T10:18:00,96.001,ROBERTO HELBERT SANCHEZ PALOMINO,JUNTOS POR EL PERÚ,9103114.0,50.01042168316611
2026-06-08T10:18:00,96.001,KEIKO SOFIA FUJIMORI HIGUCHI,FUERZA POPULAR,9099320.0,49.98957831683389
2026-06-08T10:22:00,96.022,ROBERTO HELBERT SANCHEZ PALOMINO,JUNTOS POR EL PERÚ,9102739.0,50.0109441565621
2026-06-08T10:22:00,96.022,KEIKO SOFIA FUJIMORI HIGUCHI,FUERZA POPULAR,9098755.0,49.98905584343791
2026-06-08T10:28:00,96.03,ROBERTO HELBERT SANCHEZ PALOMINO,JUNTOS POR EL PERÚ,9102528.0,50.01107080447004
2026-06-08T10:28:00,96.03,KEIKO SOFIA FUJIMORI HIGUCHI,FUERZA POPULAR,9098498.0,49.98892919552997
2026-06-08T10:32:00,96.04,ROBERTO HELBERT SANCHEZ PALOMINO,JUNTOS POR EL PERÚ,9103344.0,50.01240786057883
2026-06-08T10:32:00,96.04,KEIKO SOFIA FUJIMORI HIGUCHI,FUERZA POPULAR,9098827.0,49.987592139421174
2026-06-08T10:38:00,96.059,ROBERTO HELBERT SANCHEZ PALOMINO,JUNTOS POR EL PERÚ,9103730.0,50.013888275416804
2026-06-08T10:38:00,96.059,KEIKO SOFIA FUJIMORI HIGUCHI,FUERZA POPULAR,9098674.0,49.986111724583196
2026-06-08T10:42:00,96.085,ROBERTO HELBERT SANCHEZ PALOMINO,JUNTOS POR EL PERÚ,9102157.0,50.01297831434665
2026-06-08T10:42:00,96.085,KEIKO SOFIA FUJIMORI HIGUCHI,FUERZA POPULAR,9097433.0,49.98702168565336
2026-06-08T10:48:00,96.102,ROBERTO HELBERT SANCHEZ PALOMINO,JUNTOS POR EL PERÚ,9101367.0,50.012767825541225
2026-06-08T10:48:00,96.102,KEIKO SOFIA FUJIMORI HIGUCHI,FUERZA POPULAR,9096720.0,49.98723217445878
2026-06-08T10:52:00,96.119,ROBERTO HELBERT SANCHEZ PALOMINO,JUNTOS POR EL PERÚ,9102202.0,50.01625959434208
2026-06-08T10:52:00,96.119,KEIKO SOFIA FUJIMORI HIGUCHI,FUERZA POPULAR,9096284.0,49.983740405657926
2026-06-08T10:58:00,96.137,ROBERTO HELBERT SANCHEZ PALOMINO,JUNTOS POR EL PERÚ,9102014.0,50.016182974324074
2026-06-08T10:58:00,96.137,KEIKO SOFIA FUJIMORI HIGUCHI,FUERZA POPULAR,9096124.0,49.983817025675926
2026-06-08T11:02:00,96.169,ROBERTO HELBERT SANCHEZ PALOMINO,JUNTOS POR EL PERÚ,9101115.0,50.01374385153608
2026-06-08T11:02:00,96.169,KEIKO SOFIA FUJIMORI HIGUCHI,FUERZA POPULAR,9096113.0,49.98625614846393
2026-06-08T11:08:00,96.193,ROBERTO HELBERT SANCHEZ PALOMINO,JUNTOS POR EL PERÚ,9098426.0,50.0103253459623
2026-06-08T11:08:00,96.193,KEIKO SOFIA FUJIMORI HIGUCHI,FUERZA POPULAR,9094669.0,49.9896746540377
2026-06-08T11:12:00,96.212,ROBERTO HELBERT SANCHEZ PALOMINO,JUNTOS POR EL PERÚ,9097835.0,50.008646408821555
2026-06-08T11:12:00,96.212,KEIKO SOFIA FUJIMORI HIGUCHI,FUERZA POPULAR,9094689.0,49.991353591178445
2026-06-08T11:18:00,96.224,ROBERTO HELBERT SANCHEZ PALOMINO,JUNTOS POR EL PERÚ,9097279.0,50.00850948648328
2026-06-08T11:18:00,96.224,KEIKO SOFIA FUJIMORI HIGUCHI,FUERZA POPULAR,9094183.0,49.99149051351672
2026-06-08T11:22:00,96.243,ROBERTO HELBERT SANCHEZ PALOMINO,JUNTOS POR EL PERÚ,9096712.0,50.007369132750654
2026-06-08T11:22:00,96.243,KEIKO SOFIA FUJIMORI HIGUCHI,FUERZA POPULAR,9094031.0,49.992630867249346
2026-06-08T11:28:00,96.248,ROBERTO HELBERT SANCHEZ PALOMINO,JUNTOS POR EL PERÚ,9097266.0,50.005697415616
2026-06-08T11:28:00,96.248,KEIKO SOFIA FUJIMORI HIGUCHI,FUERZA POPULAR,9095193.0,49.994302584384
2026-06-08T11:32:00,96.268,ROBERTO HELBERT SANCHEZ PALOMINO,JUNTOS POR EL PERÚ,9095666.0,50.00636098111508
2026-06-08T11:32:00,96.268,KEIKO SOFIA FUJIMORI HIGUCHI,FUERZA POPULAR,9093352.0,49.99363901888491
2026-06-08T11:36:00,96.274,ROBERTO HELBERT SANCHEZ PALOMINO,JUNTOS POR EL PERÚ,9095319.0,50.00568763820837
2026-06-08T11:36:00,96.274,KEIKO SOFIA FUJIMORI HIGUCHI,FUERZA POPULAR,9093250.0,49.99431236179163
2026-06-08T11:42:00,96.28,ROBERTO HELBERT SANCHEZ PALOMINO,JUNTOS POR EL PERÚ,9095651.0,50.00458227996328
2026-06-08T11:42:00,96.28,KEIKO SOFIA FUJIMORI HIGUCHI,FUERZA POPULAR,9093984.0,49.99541772003671
2026-06-08T11:48:00,96.305,ROBERTO HELBERT SANCHEZ PALOMINO,JUNTOS POR EL PERÚ,9094373.0,50.00301028428575
2026-06-08T11:48:00,96.305,KEIKO SOFIA FUJIMORI HIGUCHI,FUERZA POPULAR,9093278.0,49.99698971571425
2026-06-08T11:52:00,96.326,ROBERTO HELBERT SANCHEZ PALOMINO,JUNTOS POR EL PERÚ,9093995.0,50.00395072117294
2026-06-08T11:52:00,96.326,KEIKO SOFIA FUJIMORI HIGUCHI,FUERZA POPULAR,9092558.0,49.99604927882705
2026-06-08T11:58:00,96.356,ROBERTO HELBERT SANCHEZ PALOMINO,JUNTOS POR EL PERÚ,9093476.0,50.00664300700331
2026-06-08T11:58:00,96.356,KEIKO SOFIA FUJIMORI HIGUCHI,FUERZA POPULAR,9091060.0,49.99335699299669
2026-06-08T12:02:00,96.387,ROBERTO HELBERT SANCHEZ PALOMINO,JUNTOS POR EL PERÚ,9091339.0,50.005882663874814
2026-06-08T12:02:00,96.387,KEIKO SOFIA FUJIMORI HIGUCHI,FUERZA POPULAR,9089200.0,49.994117336125186
2026-06-08T12:06:00,96.397,ROBERTO HELBERT SANCHEZ PALOMINO,JUNTOS POR EL PERÚ,9090600.0,50.006331516904936
2026-06-08T12:06:00,96.397,KEIKO SOFIA FUJIMORI HIGUCHI,FUERZA POPULAR,9088298.0,49.99366848309507
2026-06-08T12:18:00,96.401,ROBERTO HELBERT SANCHEZ PALOMINO,JUNTOS POR EL PERÚ,9091077.0,50.00770104372245
2026-06-08T12:18:00,96.401,KEIKO SOFIA FUJIMORI HIGUCHI,FUERZA POPULAR,9088277.0,49.992298956277544
2026-06-08T12:22:00,96.407,ROBERTO HELBERT SANCHEZ PALOMINO,JUNTOS POR EL PERÚ,9090898.0,50.00747012500083
2026-06-08T12:22:00,96.407,KEIKO SOFIA FUJIMORI HIGUCHI,FUERZA POPULAR,9088182.0,49.99252987499918
2026-06-08T12:26:00,96.424,ROBERTO HELBERT SANCHEZ PALOMINO,JUNTOS POR EL PERÚ,9091307.0,50.00350359214447
2026-06-08T12:26:00,96.424,KEIKO SOFIA FUJIMORI HIGUCHI,FUERZA POPULAR,9090033.0,49.99649640785553
2026-06-08T12:32:00,96.454,ROBERTO HELBERT SANCHEZ PALOMINO,JUNTOS POR EL PERÚ,9088840.0,50.00246193152419
2026-06-08T12:32:00,96.454,KEIKO SOFIA FUJIMORI HIGUCHI,FUERZA POPULAR,9087945.0,49.997538068475805
2026-06-08T12:38:00,96.464,ROBERTO HELBERT SANCHEZ PALOMINO,JUNTOS POR EL PERÚ,9088502.0,50.00292694628173
2026-06-08T12:38:00,96.464,KEIKO SOFIA FUJIMORI HIGUCHI,FUERZA POPULAR,9087438.0,49.99707305371827
2026-06-08T12:42:00,96.47,ROBERTO HELBERT SANCHEZ PALOMINO,JUNTOS POR EL PERÚ,9088323.0,50.003416705345316
2026-06-08T12:42:00,96.47,KEIKO SOFIA FUJIMORI HIGUCHI,FUERZA POPULAR,9087081.0,49.99658329465469
2026-06-08T12:48:00,96.489,ROBERTO HELBERT SANCHEZ PALOMINO,JUNTOS POR EL PERÚ,9089329.0,50.0067863503415
2026-06-08T12:48:00,96.489,KEIKO SOFIA FUJIMORI HIGUCHI,FUERZA POPULAR,9086862.0,49.9932136496585
2026-06-08T12:52:00,96.498,ROBERTO HELBERT SANCHEZ PALOMINO,JUNTOS POR EL PERÚ,9089823.0,50.010065478149826
2026-06-08T12:52:00,96.498,KEIKO SOFIA FUJIMORI HIGUCHI,FUERZA POPULAR,9086164.0,49.989934521850174
2026-06-08T12:58:00,96.545,ROBERTO HELBERT SANCHEZ PALOMINO,JUNTOS POR EL PERÚ,9089374.0,50.011152870029065
2026-06-08T12:58:00,96.545,KEIKO SOFIA FUJIMORI HIGUCHI,FUERZA POPULAR,9085320.0,49.988847129970935
2026-06-08T13:02:00,96.566,ROBERTO HELBERT SANCHEZ PALOMINO,JUNTOS POR EL PERÚ,9087773.0,50.009844833537024
2026-06-08T13:02:00,96.566,KEIKO SOFIA FUJIMORI HIGUCHI,FUERZA POPULAR,9084195.0,49.99015516646298
2026-06-08T13:08:00,96.57,ROBERTO HELBERT SANCHEZ PALOMINO,JUNTOS POR EL PERÚ,9089545.0,50.01236341099411
2026-06-08T13:08:00,96.57,KEIKO SOFIA FUJIMORI HIGUCHI,FUERZA POPULAR,9085051.0,49.98763658900589
2026-06-08T13:12:00,96.602,ROBERTO HELBERT SANCHEZ PALOMINO,JUNTOS POR EL PERÚ,9089108.0,50.01372623585233
2026-06-08T13:12:00,96.602,KEIKO SOFIA FUJIMORI HIGUCHI,FUERZA POPULAR,9084119.0,49.98627376414767
2026-06-08T13:18:00,96.656,ROBERTO HELBERT SANCHEZ PALOMINO,JUNTOS POR EL PERÚ,9087402.0,50.017811211287864
2026-06-08T13:18:00,96.656,KEIKO SOFIA FUJIMORI HIGUCHI,FUERZA POPULAR,9080930.0,49.982188788712136
2026-06-08T13:22:00,96.689,ROBERTO HELBERT SANCHEZ PALOMINO,JUNTOS POR EL PERÚ,9087040.0,50.019761214076155
2026-06-08T13:22:00,96.689,KEIKO SOFIA FUJIMORI HIGUCHI,FUERZA POPULAR,9079860.0,49.98023878592385
2026-06-08T13:28:00,96.704,ROBERTO HELBERT SANCHEZ PALOMINO,JUNTOS POR EL PERÚ,9087303.0,50.020435201256596
2026-06-08T13:28:00,96.704,KEIKO SOFIA FUJIMORI HIGUCHI,FUERZA POPULAR,9079878.0,49.979564798743404
2026-06-08T13:32:00,96.731,ROBERTO HELBERT SANCHEZ PALOMINO,JUNTOS POR EL PERÚ,9085633.0,50.02193709655246
2026-06-08T13:32:00,96.731,KEIKO SOFIA FUJIMORI HIGUCHI,FUERZA POPULAR,9077664.0,49.97806290344754
2026-06-08T13:38:00,96.736,ROBERTO HELBERT SANCHEZ PALOMINO,JUNTOS POR EL PERÚ,9085513.0,50.021516020571255
2026-06-08T13:38:00,96.736,KEIKO SOFIA FUJIMORI HIGUCHI,FUERZA POPULAR,9077697.0,49.978483979428745
2026-06-08T13:42:00,96.743,ROBERTO HELBERT SANCHEZ PALOMINO,JUNTOS POR EL PERÚ,9086953.0,50.0225011589129
2026-06-08T13:42:00,96.743,KEIKO SOFIA FUJIMORI HIGUCHI,FUERZA POPULAR,9078778.0,49.9774988410871
2026-06-08T13:48:00,96.771,ROBERTO HELBERT SANCHEZ PALOMINO,JUNTOS POR EL PERÚ,9086950.0,50.025904940127965
2026-06-08T13:48:00,96.771,KEIKO SOFIA FUJIMORI HIGUCHI,FUERZA POPULAR,9077539.0,49.974095059872035
2026-06-08T13:52:00,96.813,ROBERTO HELBERT SANCHEZ PALOMINO,JUNTOS POR EL PERÚ,9085823.0,50.02771510120348
2026-06-08T13:52:00,96.813,KEIKO SOFIA FUJIMORI HIGUCHI,FUERZA POPULAR,9075756.0,49.972284898796524
2026-06-08T13:58:00,96.822,ROBERTO HELBERT SANCHEZ PALOMINO,JUNTOS POR EL PERÚ,9085748.0,50.027459152377205
2026-06-08T13:58:00,96.822,KEIKO SOFIA FUJIMORI HIGUCHI,FUERZA POPULAR,9075774.0,49.972540847622795
2026-06-08T14:02:00,96.835,ROBERTO HELBERT SANCHEZ PALOMINO,JUNTOS POR EL PERÚ,9085200.0,50.028722517572724
2026-06-08T14:02:00,96.835,KEIKO SOFIA FUJIMORI HIGUCHI,FUERZA POPULAR,9074768.0,49.97127748242728
2026-06-08T14:08:00,96.843,ROBERTO HELBERT SANCHEZ PALOMINO,JUNTOS POR EL PERÚ,9086036.0,50.028532558721906
2026-06-08T14:08:00,96.843,KEIKO SOFIA FUJIMORI HIGUCHI,FUERZA POPULAR,9075672.0,49.9714674412781
2026-06-08T14:12:00,96.872,ROBERTO HELBERT SANCHEZ PALOMINO,JUNTOS POR EL PERÚ,9084646.0,50.02868845439913
2026-06-08T14:12:00,96.872,KEIKO SOFIA FUJIMORI HIGUCHI,FUERZA POPULAR,9074227.0,49.97131154560088
2026-06-08T14:18:00,96.898,ROBERTO HELBERT SANCHEZ PALOMINO,JUNTOS POR EL PERÚ,9082923.0,50.028379765714504
2026-06-08T14:18:00,96.898,KEIKO SOFIA FUJIMORI HIGUCHI,FUERZA POPULAR,9072618.0,49.9716202342855
2026-06-08T14:22:00,96.909,ROBERTO HELBERT SANCHEZ PALOMINO,JUNTOS POR EL PERÚ,9082899.0,50.029956065355506
2026-06-08T14:22:00,96.909,KEIKO SOFIA FUJIMORI HIGUCHI,FUERZA POPULAR,9072022.0,49.9700439346445
2026-06-08T14:28:00,96.921,ROBERTO HELBERT SANCHEZ PALOMINO,JUNTOS POR EL PERÚ,9083722.0,50.03214129191855
2026-06-08T14:28:00,96.921,KEIKO SOFIA FUJIMORI HIGUCHI,FUERZA POPULAR,9072051.0,49.96785870808145
2026-06-08T14:32:00,96.945,ROBERTO HELBERT SANCHEZ PALOMINO,JUNTOS POR EL PERÚ,9081787.0,50.03039795316776
2026-06-08T14:32:00,96.945,KEIKO SOFIA FUJIMORI HIGUCHI,FUERZA POPULAR,9070751.0,49.96960204683224
2026-06-08T14:38:00,96.955,ROBERTO HELBERT SANCHEZ PALOMINO,JUNTOS POR EL PERÚ,9081579.0,50.03164722759102
2026-06-08T14:38:00,96.955,KEIKO SOFIA FUJIMORI HIGUCHI,FUERZA POPULAR,9070090.0,49.96835277240898
2026-06-08T14:42:00,96.963,ROBERTO HELBERT SANCHEZ PALOMINO,JUNTOS POR EL PERÚ,9081494.0,50.032377963944484
2026-06-08T14:42:00,96.963,KEIKO SOFIA FUJIMORI HIGUCHI,FUERZA POPULAR,9069740.0,49.96762203605551
2026-06-08T14:48:00,96.971,ROBERTO HELBERT SANCHEZ PALOMINO,JUNTOS POR EL PERÚ,9080849.0,50.03271933095098
2026-06-08T14:48:00,96.971,KEIKO SOFIA FUJIMORI HIGUCHI,FUERZA POPULAR,9068972.0,49.967280669049025
2026-06-08T14:58:00,96.98,ROBERTO HELBERT SANCHEZ PALOMINO,JUNTOS POR EL PERÚ,9081132.0,50.03486852359944
2026-06-08T14:58:00,96.98,KEIKO SOFIA FUJIMORI HIGUCHI,FUERZA POPULAR,9068475.0,49.965131476400565
2026-06-08T15:02:00,96.981,ROBERTO HELBERT SANCHEZ PALOMINO,JUNTOS POR EL PERÚ,9081115.0,50.03488512976646
2026-06-08T15:02:00,96.981,KEIKO SOFIA FUJIMORI HIGUCHI,FUERZA POPULAR,9068452.0,49.96511487023355
2026-06-08T15:08:00,96.984,ROBERTO HELBERT SANCHEZ PALOMINO,JUNTOS POR EL PERÚ,9081670.0,50.03527719900692
2026-06-08T15:08:00,96.984,KEIKO SOFIA FUJIMORI HIGUCHI,FUERZA POPULAR,9068864.0,49.96472280099307
2026-06-08T15:12:00,96.995,ROBERTO HELBERT SANCHEZ PALOMINO,JUNTOS POR EL PERÚ,9081798.0,50.03541177740347
2026-06-08T15:12:00,96.995,KEIKO SOFIA FUJIMORI HIGUCHI,FUERZA POPULAR,9068943.0,49.96458822259653
2026-06-08T15:18:00,97.033,ROBERTO HELBERT SANCHEZ PALOMINO,JUNTOS POR EL PERÚ,9080093.0,50.03530263030357
2026-06-08T15:18:00,97.033,KEIKO SOFIA FUJIMORI HIGUCHI,FUERZA POPULAR,9067280.0,49.96469736969643
2026-06-08T15:22:00,97.064,ROBERTO HELBERT SANCHEZ PALOMINO,JUNTOS POR EL PERÚ,9079393.0,50.035636241514794
2026-06-08T15:22:00,97.064,KEIKO SOFIA FUJIMORI HIGUCHI,FUERZA POPULAR,9066460.0,49.964363758485206
2026-06-08T15:28:00,97.073,ROBERTO HELBERT SANCHEZ PALOMINO,JUNTOS POR EL PERÚ,9079532.0,50.036170631475244
2026-06-08T15:28:00,97.073,KEIKO SOFIA FUJIMORI HIGUCHI,FUERZA POPULAR,9066405.0,49.963829368524756
2026-06-08T15:32:00,97.085,ROBERTO HELBERT SANCHEZ PALOMINO,JUNTOS POR EL PERÚ,9079043.0,50.03657794856182
2026-06-08T15:32:00,97.085,KEIKO SOFIA FUJIMORI HIGUCHI,FUERZA POPULAR,9065769.0,49.96342205143817
2026-06-08T15:38:00,97.115,ROBERTO HELBERT SANCHEZ PALOMINO,JUNTOS POR EL PERÚ,9079524.0,50.036209267467314
2026-06-08T15:38:00,97.115,KEIKO SOFIA FUJIMORI HIGUCHI,FUERZA POPULAR,9066383.0,49.963790732532686
2026-06-08T15:42:00,97.159,ROBERTO HELBERT SANCHEZ PALOMINO,JUNTOS POR EL PERÚ,9077416.0,50.037425750029506
2026-06-08T15:42:00,97.159,KEIKO SOFIA FUJIMORI HIGUCHI,FUERZA POPULAR,9063837.0,49.962574249970494
2026-06-08T15:48:00,97.164,ROBERTO HELBERT SANCHEZ PALOMINO,JUNTOS POR EL PERÚ,9077839.0,50.038105260697755
2026-06-08T15:48:00,97.164,KEIKO SOFIA FUJIMORI HIGUCHI,FUERZA POPULAR,9064013.0,49.961894739302245
2026-06-08T15:52:00,97.18,ROBERTO HELBERT SANCHEZ PALOMINO,JUNTOS POR EL PERÚ,9077868.0,50.039451152175396
2026-06-08T15:52:00,97.18,KEIKO SOFIA FUJIMORI HIGUCHI,FUERZA POPULAR,9063554.0,49.96054884782461
2026-06-08T15:58:00,97.21,ROBERTO HELBERT SANCHEZ PALOMINO,JUNTOS POR EL PERÚ,9077948.0,50.04256508919595
2026-06-08T15:58:00,97.21,KEIKO SOFIA FUJIMORI HIGUCHI,FUERZA POPULAR,9062505.0,49.95743491080405
2026-06-08T16:02:00,97.224,ROBERTO HELBERT SANCHEZ PALOMINO,JUNTOS POR EL PERÚ,9076301.0,50.04068565374615
2026-06-08T16:02:00,97.224,KEIKO SOFIA FUJIMORI HIGUCHI,FUERZA POPULAR,9061542.0,49.959314346253855
2026-06-08T16:08:00,97.229,ROBERTO HELBERT SANCHEZ PALOMINO,JUNTOS POR EL PERÚ,9076817.0,50.041607538423705
2026-06-08T16:08:00,97.229,KEIKO SOFIA FUJIMORI HIGUCHI,FUERZA POPULAR,9061723.0,49.95839246157629
2026-06-08T16:12:00,97.237,ROBERTO HELBERT SANCHEZ PALOMINO,JUNTOS POR EL PERÚ,9077121.0,50.042447580587144
2026-06-08T16:12:00,97.237,KEIKO SOFIA FUJIMORI HIGUCHI,FUERZA POPULAR,9061722.0,49.957552419412856
2026-06-08T16:18:00,97.252,ROBERTO HELBERT SANCHEZ PALOMINO,JUNTOS POR EL PERÚ,9076653.0,50.0438155123785
2026-06-08T16:18:00,97.252,KEIKO SOFIA FUJIMORI HIGUCHI,FUERZA POPULAR,9060759.0,49.9561844876215
2026-06-08T16:22:00,97.265,ROBERTO HELBERT SANCHEZ PALOMINO,JUNTOS POR EL PERÚ,9075989.0,50.044323687033796
2026-06-08T16:22:00,97.265,KEIKO SOFIA FUJIMORI HIGUCHI,FUERZA POPULAR,9059912.0,49.9556763129662
2026-06-08T16:28:00,97.269,ROBERTO HELBERT SANCHEZ PALOMINO,JUNTOS POR EL PERÚ,9075632.0,50.04444961059582
2026-06-08T16:28:00,97.269,KEIKO SOFIA FUJIMORI HIGUCHI,FUERZA POPULAR,9059510.0,49.95555038940417
2026-06-08T16:32:00,97.272,ROBERTO HELBERT SANCHEZ PALOMINO,JUNTOS POR EL PERÚ,9077308.0,50.04893348167209
2026-06-08T16:32:00,97.272,KEIKO SOFIA FUJIMORI HIGUCHI,FUERZA POPULAR,9059558.0,49.95106651832792
2026-06-08T16:38:00,97.285,ROBERTO HELBERT SANCHEZ PALOMINO,JUNTOS POR EL PERÚ,9076608.0,50.04731459224813
2026-06-08T16:38:00,97.285,KEIKO SOFIA FUJIMORI HIGUCHI,FUERZA POPULAR,9059446.0,49.95268540775187
2026-06-08T16:42:00,97.296,ROBERTO HELBERT SANCHEZ PALOMINO,JUNTOS POR EL PERÚ,9076023.0,50.04784751789554
2026-06-08T16:42:00,97.296,KEIKO SOFIA FUJIMORI HIGUCHI,FUERZA POPULAR,9058669.0,49.95215248210447
2026-06-08T16:48:00,97.297,ROBERTO HELBERT SANCHEZ PALOMINO,JUNTOS POR EL PERÚ,9076028.0,50.047952363495675
2026-06-08T16:48:00,97.297,KEIKO SOFIA FUJIMORI HIGUCHI,FUERZA POPULAR,9058636.0,49.95204763650432
2026-06-08T16:58:00,97.298,ROBERTO HELBERT SANCHEZ PALOMINO,JUNTOS POR EL PERÚ,9076074.0,50.04825017833265
2026-06-08T16:58:00,97.298,KEIKO SOFIA FUJIMORI HIGUCHI,FUERZA POPULAR,9058574.0,49.95174982166734
2026-06-08T17:08:00,97.299,ROBERTO HELBERT SANCHEZ PALOMINO,JUNTOS POR EL PERÚ,9076218.0,50.048685459507695
2026-06-08T17:08:00,97.299,KEIKO SOFIA FUJIMORI HIGUCHI,FUERZA POPULAR,9058560.0,49.951314540492305
