corte_id,timestamp,porcentaje_contado,candidato,votos,porcentaje,partido
2026-06-07T18:12:29,2026-06-07T18:12:29,0.022,ROBERTO HELBERT SANCHEZ PALOMINO,2116,54.326,JUNTOS POR EL PERÚ
2026-06-07T18:12:29,2026-06-07T18:12:29,0.022,KEIKO SOFIA FUJIMORI HIGUCHI,1779,45.674,FUERZA POPULAR
2026-06-07T18:26:00,2026-06-07T18:26:00,0.067,KEIKO SOFIA FUJIMORI HIGUCHI,6364,51.022,FUERZA POPULAR
2026-06-07T18:26:00,2026-06-07T18:26:00,0.067,ROBERTO HELBERT SANCHEZ PALOMINO,6109,48.978,JUNTOS POR EL PERÚ
2026-06-07T18:32:00,2026-06-07T18:32:00,0.122,KEIKO SOFIA FUJIMORI HIGUCHI,12036,52.621,FUERZA POPULAR
2026-06-07T18:32:00,2026-06-07T18:32:00,0.122,ROBERTO HELBERT SANCHEZ PALOMINO,10837,47.379,JUNTOS POR EL PERÚ
2026-06-07T18:38:00,2026-06-07T18:38:00,0.171,KEIKO SOFIA FUJIMORI HIGUCHI,17318,53.843,FUERZA POPULAR
2026-06-07T18:38:00,2026-06-07T18:38:00,0.171,ROBERTO HELBERT SANCHEZ PALOMINO,14846,46.157,JUNTOS POR EL PERÚ
2026-06-07T18:42:00,2026-06-07T18:42:00,0.264,KEIKO SOFIA FUJIMORI HIGUCHI,27370,54.421,FUERZA POPULAR
2026-06-07T18:42:00,2026-06-07T18:42:00,0.264,ROBERTO HELBERT SANCHEZ PALOMINO,22923,45.579,JUNTOS POR EL PERÚ
2026-06-07T18:46:00,2026-06-07T18:46:00,0.387,KEIKO SOFIA FUJIMORI HIGUCHI,40180,54.535,FUERZA POPULAR
2026-06-07T18:46:00,2026-06-07T18:46:00,0.387,ROBERTO HELBERT SANCHEZ PALOMINO,33498,45.465,JUNTOS POR EL PERÚ
2026-06-07T18:52:00,2026-06-07T18:52:00,0.654,KEIKO SOFIA FUJIMORI HIGUCHI,68100,54.576,FUERZA POPULAR
2026-06-07T18:52:00,2026-06-07T18:52:00,0.654,ROBERTO HELBERT SANCHEZ PALOMINO,56679,45.424,JUNTOS POR EL PERÚ
2026-06-07T18:56:00,2026-06-07T18:56:00,0.981,KEIKO SOFIA FUJIMORI HIGUCHI,101468,54.206,FUERZA POPULAR
2026-06-07T18:56:00,2026-06-07T18:56:00,0.981,ROBERTO HELBERT SANCHEZ PALOMINO,85721,45.794,JUNTOS POR EL PERÚ
2026-06-07T19:02:01,2026-06-07T19:02:01,1.382,KEIKO SOFIA FUJIMORI HIGUCHI,144424,54.553,FUERZA POPULAR
2026-06-07T19:02:01,2026-06-07T19:02:01,1.382,ROBERTO HELBERT SANCHEZ PALOMINO,120317,45.447,JUNTOS POR EL PERÚ
2026-06-07T19:06:01,2026-06-07T19:06:01,1.974,KEIKO SOFIA FUJIMORI HIGUCHI,205339,54.009,FUERZA POPULAR
2026-06-07T19:06:01,2026-06-07T19:06:01,1.974,ROBERTO HELBERT SANCHEZ PALOMINO,174858,45.991,JUNTOS POR EL PERÚ
2026-06-07T19:12:01,2026-06-07T19:12:01,2.664,KEIKO SOFIA FUJIMORI HIGUCHI,276543,53.686,FUERZA POPULAR
2026-06-07T19:12:01,2026-06-07T19:12:01,2.664,ROBERTO HELBERT SANCHEZ PALOMINO,238566,46.314,JUNTOS POR EL PERÚ
2026-06-07T19:22:02,2026-06-07T19:22:02,4.52,KEIKO SOFIA FUJIMORI HIGUCHI,470407,53.444,FUERZA POPULAR
2026-06-07T19:22:02,2026-06-07T19:22:02,4.52,ROBERTO HELBERT SANCHEZ PALOMINO,409778,46.556,JUNTOS POR EL PERÚ
2026-06-07T19:32:02,2026-06-07T19:32:02,6.763,KEIKO SOFIA FUJIMORI HIGUCHI,699878,52.95,FUERZA POPULAR
2026-06-07T19:32:02,2026-06-07T19:32:02,6.763,ROBERTO HELBERT SANCHEZ PALOMINO,621882,47.05,JUNTOS POR EL PERÚ
2026-06-07T19:42:03,2026-06-07T19:42:03,9.596,KEIKO SOFIA FUJIMORI HIGUCHI,991049,52.694,FUERZA POPULAR
2026-06-07T19:42:03,2026-06-07T19:42:03,9.596,ROBERTO HELBERT SANCHEZ PALOMINO,889696,47.306,JUNTOS POR EL PERÚ
2026-06-07T19:50:27,2026-06-07T19:50:27,12.99,KEIKO SOFIA FUJIMORI HIGUCHI,1336761,52.497,FUERZA POPULAR
2026-06-07T19:50:27,2026-06-07T19:50:27,12.99,ROBERTO HELBERT SANCHEZ PALOMINO,1209597,47.503,JUNTOS POR EL PERÚ
2026-06-07T20:02:05,2026-06-07T20:02:05,16.908,KEIKO SOFIA FUJIMORI HIGUCHI,1738605,52.445,FUERZA POPULAR
2026-06-07T20:02:05,2026-06-07T20:02:05,16.908,ROBERTO HELBERT SANCHEZ PALOMINO,1576485,47.555,JUNTOS POR EL PERÚ
2026-06-07T20:06:04,2026-06-07T20:06:04,19.033,KEIKO SOFIA FUJIMORI HIGUCHI,1963393,52.539,FUERZA POPULAR
2026-06-07T20:06:04,2026-06-07T20:06:04,19.033,ROBERTO HELBERT SANCHEZ PALOMINO,1773597,47.461,JUNTOS POR EL PERÚ
2026-06-07T20:12:03,2026-06-07T20:12:03,21.136,KEIKO SOFIA FUJIMORI HIGUCHI,2182487,52.542,FUERZA POPULAR
2026-06-07T20:12:03,2026-06-07T20:12:03,21.136,ROBERTO HELBERT SANCHEZ PALOMINO,1971324,47.458,JUNTOS POR EL PERÚ
2026-06-07T20:36:03,2026-06-07T20:36:03,31.032,KEIKO SOFIA FUJIMORI HIGUCHI,3206116,52.566,FUERZA POPULAR
2026-06-07T20:36:03,2026-06-07T20:36:03,31.032,ROBERTO HELBERT SANCHEZ PALOMINO,2893050,47.434,JUNTOS POR EL PERÚ
2026-06-07T20:42:03,2026-06-07T20:42:03,32.855,KEIKO SOFIA FUJIMORI HIGUCHI,3401445,52.687,FUERZA POPULAR
2026-06-07T20:42:03,2026-06-07T20:42:03,32.855,ROBERTO HELBERT SANCHEZ PALOMINO,3054534,47.313,JUNTOS POR EL PERÚ
2026-06-07T20:48:01,2026-06-07T20:48:01,34.728,KEIKO SOFIA FUJIMORI HIGUCHI,3595255,52.714,FUERZA POPULAR
2026-06-07T20:48:01,2026-06-07T20:48:01,34.728,ROBERTO HELBERT SANCHEZ PALOMINO,3225011,47.286,JUNTOS POR EL PERÚ
2026-06-07T20:52:03,2026-06-07T20:52:03,36.744,KEIKO SOFIA FUJIMORI HIGUCHI,3797146,52.612,FUERZA POPULAR
2026-06-07T20:52:03,2026-06-07T20:52:03,36.744,ROBERTO HELBERT SANCHEZ PALOMINO,3420137,47.388,JUNTOS POR EL PERÚ
2026-06-07T20:56:03,2026-06-07T20:56:03,38.342,KEIKO SOFIA FUJIMORI HIGUCHI,3966950,52.664,FUERZA POPULAR
2026-06-07T20:56:03,2026-06-07T20:56:03,38.342,ROBERTO HELBERT SANCHEZ PALOMINO,3565557,47.336,JUNTOS POR EL PERÚ
2026-06-07T21:02:03,2026-06-07T21:02:03,40.096,KEIKO SOFIA FUJIMORI HIGUCHI,4149301,52.665,FUERZA POPULAR
2026-06-07T21:02:03,2026-06-07T21:02:03,40.096,ROBERTO HELBERT SANCHEZ PALOMINO,3729345,47.335,JUNTOS POR EL PERÚ
2026-06-07T21:06:03,2026-06-07T21:06:03,41.712,KEIKO SOFIA FUJIMORI HIGUCHI,4319672,52.712,FUERZA POPULAR
2026-06-07T21:06:03,2026-06-07T21:06:03,41.712,ROBERTO HELBERT SANCHEZ PALOMINO,3875185,47.288,JUNTOS POR EL PERÚ
2026-06-07T21:22:02,2026-06-07T21:22:02,46.29,KEIKO SOFIA FUJIMORI HIGUCHI,4795862,52.747,FUERZA POPULAR
2026-06-07T21:22:02,2026-06-07T21:22:02,46.29,ROBERTO HELBERT SANCHEZ PALOMINO,4296283,47.253,JUNTOS POR EL PERÚ
2026-06-07T21:32:02,2026-06-07T21:32:02,48.948,KEIKO SOFIA FUJIMORI HIGUCHI,5066912,52.71,FUERZA POPULAR
2026-06-07T21:32:02,2026-06-07T21:32:02,48.948,ROBERTO HELBERT SANCHEZ PALOMINO,4545819,47.29,JUNTOS POR EL PERÚ
2026-06-07T21:36:02,2026-06-07T21:36:02,50.078,KEIKO SOFIA FUJIMORI HIGUCHI,5180829,52.674,FUERZA POPULAR
2026-06-07T21:36:02,2026-06-07T21:36:02,50.078,ROBERTO HELBERT SANCHEZ PALOMINO,4654882,47.326,JUNTOS POR EL PERÚ
2026-06-07T21:42:02,2026-06-07T21:42:02,51.152,KEIKO SOFIA FUJIMORI HIGUCHI,5296463,52.716,FUERZA POPULAR
2026-06-07T21:42:02,2026-06-07T21:42:02,51.152,ROBERTO HELBERT SANCHEZ PALOMINO,4750698,47.284,JUNTOS POR EL PERÚ
2026-06-07T21:46:02,2026-06-07T21:46:02,52.255,KEIKO SOFIA FUJIMORI HIGUCHI,5409106,52.701,FUERZA POPULAR
2026-06-07T21:46:02,2026-06-07T21:46:02,52.255,ROBERTO HELBERT SANCHEZ PALOMINO,4854643,47.299,JUNTOS POR EL PERÚ
2026-06-07T21:52:02,2026-06-07T21:52:02,53.412,KEIKO SOFIA FUJIMORI HIGUCHI,5525608,52.68,FUERZA POPULAR
2026-06-07T21:52:02,2026-06-07T21:52:02,53.412,ROBERTO HELBERT SANCHEZ PALOMINO,4963360,47.32,JUNTOS POR EL PERÚ
2026-06-07T21:56:02,2026-06-07T21:56:02,54.557,KEIKO SOFIA FUJIMORI HIGUCHI,5636934,52.634,FUERZA POPULAR
2026-06-07T21:56:02,2026-06-07T21:56:02,54.557,ROBERTO HELBERT SANCHEZ PALOMINO,5072688,47.366,JUNTOS POR EL PERÚ
2026-06-07T22:02:02,2026-06-07T22:02:02,55.479,KEIKO SOFIA FUJIMORI HIGUCHI,5733868,52.663,FUERZA POPULAR
2026-06-07T22:02:02,2026-06-07T22:02:02,55.479,ROBERTO HELBERT SANCHEZ PALOMINO,5153945,47.337,JUNTOS POR EL PERÚ
2026-06-07T22:08:01,2026-06-07T22:08:01,56.204,KEIKO SOFIA FUJIMORI HIGUCHI,5809873,52.692,FUERZA POPULAR
2026-06-07T22:08:01,2026-06-07T22:08:01,56.204,ROBERTO HELBERT SANCHEZ PALOMINO,5216191,47.308,JUNTOS POR EL PERÚ
2026-06-07T22:12:01,2026-06-07T22:12:01,56.921,KEIKO SOFIA FUJIMORI HIGUCHI,5878066,52.669,FUERZA POPULAR
2026-06-07T22:12:01,2026-06-07T22:12:01,56.921,ROBERTO HELBERT SANCHEZ PALOMINO,5282373,47.331,JUNTOS POR EL PERÚ
2026-06-07T22:18:02,2026-06-07T22:18:02,57.789,KEIKO SOFIA FUJIMORI HIGUCHI,5961740,52.637,FUERZA POPULAR
2026-06-07T22:18:02,2026-06-07T22:18:02,57.789,ROBERTO HELBERT SANCHEZ PALOMINO,5364325,47.363,JUNTOS POR EL PERÚ
2026-06-07T22:22:01,2026-06-07T22:22:01,58.646,KEIKO SOFIA FUJIMORI HIGUCHI,6050905,52.646,FUERZA POPULAR
2026-06-07T22:22:01,2026-06-07T22:22:01,58.646,ROBERTO HELBERT SANCHEZ PALOMINO,5442703,47.354,JUNTOS POR EL PERÚ
2026-06-07T22:28:02,2026-06-07T22:28:02,59.395,KEIKO SOFIA FUJIMORI HIGUCHI,6130328,52.681,FUERZA POPULAR
2026-06-07T22:28:02,2026-06-07T22:28:02,59.395,ROBERTO HELBERT SANCHEZ PALOMINO,5506409,47.319,JUNTOS POR EL PERÚ
2026-06-07T22:32:01,2026-06-07T22:32:01,60.325,KEIKO SOFIA FUJIMORI HIGUCHI,6223129,52.681,FUERZA POPULAR
2026-06-07T22:32:01,2026-06-07T22:32:01,60.325,ROBERTO HELBERT SANCHEZ PALOMINO,5589817,47.319,JUNTOS POR EL PERÚ
2026-06-07T22:36:02,2026-06-07T22:36:02,61.348,KEIKO SOFIA FUJIMORI HIGUCHI,6328763,52.694,FUERZA POPULAR
2026-06-07T22:36:02,2026-06-07T22:36:02,61.348,ROBERTO HELBERT SANCHEZ PALOMINO,5681736,47.306,JUNTOS POR EL PERÚ
2026-06-07T22:42:01,2026-06-07T22:42:01,62.182,KEIKO SOFIA FUJIMORI HIGUCHI,6410410,52.678,FUERZA POPULAR
2026-06-07T22:42:01,2026-06-07T22:42:01,62.182,ROBERTO HELBERT SANCHEZ PALOMINO,5758742,47.322,JUNTOS POR EL PERÚ
2026-06-07T22:46:01,2026-06-07T22:46:01,63.011,KEIKO SOFIA FUJIMORI HIGUCHI,6492895,52.684,FUERZA POPULAR
2026-06-07T22:46:01,2026-06-07T22:46:01,63.011,ROBERTO HELBERT SANCHEZ PALOMINO,5831272,47.316,JUNTOS POR EL PERÚ
2026-06-07T22:52:01,2026-06-07T22:52:01,63.856,KEIKO SOFIA FUJIMORI HIGUCHI,6577387,52.69,FUERZA POPULAR
2026-06-07T22:52:01,2026-06-07T22:52:01,63.856,ROBERTO HELBERT SANCHEZ PALOMINO,5905724,47.31,JUNTOS POR EL PERÚ
2026-06-07T22:56:01,2026-06-07T22:56:01,64.667,KEIKO SOFIA FUJIMORI HIGUCHI,6663809,52.736,FUERZA POPULAR
2026-06-07T22:56:01,2026-06-07T22:56:01,64.667,ROBERTO HELBERT SANCHEZ PALOMINO,5972335,47.264,JUNTOS POR EL PERÚ
2026-06-07T23:02:01,2026-06-07T23:02:01,65.433,KEIKO SOFIA FUJIMORI HIGUCHI,6738377,52.721,FUERZA POPULAR
2026-06-07T23:02:01,2026-06-07T23:02:01,65.433,ROBERTO HELBERT SANCHEZ PALOMINO,6042723,47.279,JUNTOS POR EL PERÚ
2026-06-07T23:06:01,2026-06-07T23:06:01,66.145,KEIKO SOFIA FUJIMORI HIGUCHI,6810023,52.727,FUERZA POPULAR
2026-06-07T23:06:01,2026-06-07T23:06:01,66.145,ROBERTO HELBERT SANCHEZ PALOMINO,6105537,47.273,JUNTOS POR EL PERÚ
2026-06-07T23:12:01,2026-06-07T23:12:01,66.829,KEIKO SOFIA FUJIMORI HIGUCHI,6878628,52.736,FUERZA POPULAR
2026-06-07T23:12:01,2026-06-07T23:12:01,66.829,ROBERTO HELBERT SANCHEZ PALOMINO,6164910,47.264,JUNTOS POR EL PERÚ
2026-06-07T23:22:01,2026-06-07T23:22:01,68.227,KEIKO SOFIA FUJIMORI HIGUCHI,7007340,52.688,FUERZA POPULAR
2026-06-07T23:22:01,2026-06-07T23:22:01,68.227,ROBERTO HELBERT SANCHEZ PALOMINO,6292453,47.312,JUNTOS POR EL PERÚ
2026-06-07T23:26:01,2026-06-07T23:26:01,68.869,KEIKO SOFIA FUJIMORI HIGUCHI,7068956,52.688,FUERZA POPULAR
2026-06-07T23:26:01,2026-06-07T23:26:01,68.869,ROBERTO HELBERT SANCHEZ PALOMINO,6347771,47.312,JUNTOS POR EL PERÚ
2026-06-07T23:32:01,2026-06-07T23:32:01,69.669,KEIKO SOFIA FUJIMORI HIGUCHI,7140530,52.651,FUERZA POPULAR
2026-06-07T23:32:01,2026-06-07T23:32:01,69.669,ROBERTO HELBERT SANCHEZ PALOMINO,6421455,47.349,JUNTOS POR EL PERÚ
2026-06-07T23:36:01,2026-06-07T23:36:01,70.502,KEIKO SOFIA FUJIMORI HIGUCHI,7215806,52.606,FUERZA POPULAR
2026-06-07T23:36:01,2026-06-07T23:36:01,70.502,ROBERTO HELBERT SANCHEZ PALOMINO,6500762,47.394,JUNTOS POR EL PERÚ
2026-06-07T23:42:01,2026-06-07T23:42:01,71.299,KEIKO SOFIA FUJIMORI HIGUCHI,7284354,52.549,FUERZA POPULAR
2026-06-07T23:42:01,2026-06-07T23:42:01,71.299,ROBERTO HELBERT SANCHEZ PALOMINO,6577635,47.451,JUNTOS POR EL PERÚ
2026-06-07T23:48:01,2026-06-07T23:48:01,72.067,KEIKO SOFIA FUJIMORI HIGUCHI,7352035,52.504,FUERZA POPULAR
2026-06-07T23:48:01,2026-06-07T23:48:01,72.067,ROBERTO HELBERT SANCHEZ PALOMINO,6650782,47.496,JUNTOS POR EL PERÚ
2026-06-07T23:52:01,2026-06-07T23:52:01,72.877,KEIKO SOFIA FUJIMORI HIGUCHI,7429003,52.496,FUERZA POPULAR
2026-06-07T23:52:01,2026-06-07T23:52:01,72.877,ROBERTO HELBERT SANCHEZ PALOMINO,6722652,47.504,JUNTOS POR EL PERÚ
2026-06-07T23:58:01,2026-06-07T23:58:01,73.51,KEIKO SOFIA FUJIMORI HIGUCHI,7482517,52.465,FUERZA POPULAR
2026-06-07T23:58:01,2026-06-07T23:58:01,73.51,ROBERTO HELBERT SANCHEZ PALOMINO,6779525,47.535,JUNTOS POR EL PERÚ
2026-06-08T00:02:01,2026-06-08T00:02:01,74.225,KEIKO SOFIA FUJIMORI HIGUCHI,7538869,52.396,FUERZA POPULAR
2026-06-08T00:02:01,2026-06-08T00:02:01,74.225,ROBERTO HELBERT SANCHEZ PALOMINO,6849412,47.604,JUNTOS POR EL PERÚ
2026-06-08T00:06:01,2026-06-08T00:06:01,74.795,KEIKO SOFIA FUJIMORI HIGUCHI,7582797,52.33,FUERZA POPULAR
2026-06-08T00:06:01,2026-06-08T00:06:01,74.795,ROBERTO HELBERT SANCHEZ PALOMINO,6907550,47.67,JUNTOS POR EL PERÚ
2026-06-08T00:17:25,2026-06-08T00:17:25,76.145,KEIKO SOFIA FUJIMORI HIGUCHI,7689212,52.211,FUERZA POPULAR
2026-06-08T00:17:25,2026-06-08T00:17:25,76.145,ROBERTO HELBERT SANCHEZ PALOMINO,7038001,47.789,JUNTOS POR EL PERÚ
2026-06-08T00:22:01,2026-06-08T00:22:01,76.454,KEIKO SOFIA FUJIMORI HIGUCHI,7712072,52.188,FUERZA POPULAR
2026-06-08T00:22:01,2026-06-08T00:22:01,76.454,ROBERTO HELBERT SANCHEZ PALOMINO,7065447,47.812,JUNTOS POR EL PERÚ
2026-06-08T00:26:01,2026-06-08T00:26:01,76.966,KEIKO SOFIA FUJIMORI HIGUCHI,7753143,52.156,FUERZA POPULAR
2026-06-08T00:26:01,2026-06-08T00:26:01,76.966,ROBERTO HELBERT SANCHEZ PALOMINO,7112017,47.844,JUNTOS POR EL PERÚ
2026-06-08T00:32:01,2026-06-08T00:32:01,77.473,KEIKO SOFIA FUJIMORI HIGUCHI,7794155,52.12,FUERZA POPULAR
2026-06-08T00:32:01,2026-06-08T00:32:01,77.473,ROBERTO HELBERT SANCHEZ PALOMINO,7160090,47.88,JUNTOS POR EL PERÚ
2026-06-08T00:38:01,2026-06-08T00:38:01,77.964,KEIKO SOFIA FUJIMORI HIGUCHI,7827880,52.05,FUERZA POPULAR
2026-06-08T00:38:01,2026-06-08T00:38:01,77.964,ROBERTO HELBERT SANCHEZ PALOMINO,7211293,47.95,JUNTOS POR EL PERÚ
2026-06-08T00:42:01,2026-06-08T00:42:01,78.524,KEIKO SOFIA FUJIMORI HIGUCHI,7868852,51.987,FUERZA POPULAR
2026-06-08T00:42:01,2026-06-08T00:42:01,78.524,ROBERTO HELBERT SANCHEZ PALOMINO,7267219,48.013,JUNTOS POR EL PERÚ
2026-06-08T00:46:01,2026-06-08T00:46:01,79.039,KEIKO SOFIA FUJIMORI HIGUCHI,7908854,51.936,FUERZA POPULAR
2026-06-08T00:46:01,2026-06-08T00:46:01,79.039,ROBERTO HELBERT SANCHEZ PALOMINO,7319237,48.064,JUNTOS POR EL PERÚ
2026-06-08T00:52:21,2026-06-08T00:52:21,79.569,KEIKO SOFIA FUJIMORI HIGUCHI,7945386,51.862,FUERZA POPULAR
2026-06-08T00:52:21,2026-06-08T00:52:21,79.569,ROBERTO HELBERT SANCHEZ PALOMINO,7374977,48.138,JUNTOS POR EL PERÚ
2026-06-08T00:58:01,2026-06-08T00:58:01,79.987,KEIKO SOFIA FUJIMORI HIGUCHI,7973275,51.801,FUERZA POPULAR
2026-06-08T00:58:01,2026-06-08T00:58:01,79.987,ROBERTO HELBERT SANCHEZ PALOMINO,7418804,48.199,JUNTOS POR EL PERÚ
2026-06-08T01:02:01,2026-06-08T01:02:01,80.492,KEIKO SOFIA FUJIMORI HIGUCHI,8006073,51.729,FUERZA POPULAR
2026-06-08T01:02:01,2026-06-08T01:02:01,80.492,ROBERTO HELBERT SANCHEZ PALOMINO,7470812,48.271,JUNTOS POR EL PERÚ
2026-06-08T01:08:01,2026-06-08T01:08:01,80.988,KEIKO SOFIA FUJIMORI HIGUCHI,8040623,51.672,FUERZA POPULAR
2026-06-08T01:08:01,2026-06-08T01:08:01,80.988,ROBERTO HELBERT SANCHEZ PALOMINO,7520293,48.328,JUNTOS POR EL PERÚ
2026-06-08T01:12:01,2026-06-08T01:12:01,81.445,KEIKO SOFIA FUJIMORI HIGUCHI,8072560,51.617,FUERZA POPULAR
2026-06-08T01:12:01,2026-06-08T01:12:01,81.445,ROBERTO HELBERT SANCHEZ PALOMINO,7566887,48.383,JUNTOS POR EL PERÚ
2026-06-08T01:16:01,2026-06-08T01:16:01,81.865,KEIKO SOFIA FUJIMORI HIGUCHI,8101596,51.571,FUERZA POPULAR
2026-06-08T01:16:01,2026-06-08T01:16:01,81.865,ROBERTO HELBERT SANCHEZ PALOMINO,7607984,48.429,JUNTOS POR EL PERÚ
2026-06-08T01:22:01,2026-06-08T01:22:01,82.369,KEIKO SOFIA FUJIMORI HIGUCHI,8137103,51.519,FUERZA POPULAR
2026-06-08T01:22:01,2026-06-08T01:22:01,82.369,ROBERTO HELBERT SANCHEZ PALOMINO,7657159,48.481,JUNTOS POR EL PERÚ
2026-06-08T01:26:01,2026-06-08T01:26:01,82.764,KEIKO SOFIA FUJIMORI HIGUCHI,8164354,51.469,FUERZA POPULAR
2026-06-08T01:26:01,2026-06-08T01:26:01,82.764,ROBERTO HELBERT SANCHEZ PALOMINO,7698374,48.531,JUNTOS POR EL PERÚ
2026-06-08T01:32:01,2026-06-08T01:32:01,83.212,KEIKO SOFIA FUJIMORI HIGUCHI,8193244,51.403,FUERZA POPULAR
2026-06-08T01:32:01,2026-06-08T01:32:01,83.212,ROBERTO HELBERT SANCHEZ PALOMINO,7746066,48.597,JUNTOS POR EL PERÚ
2026-06-08T01:36:01,2026-06-08T01:36:01,83.68,KEIKO SOFIA FUJIMORI HIGUCHI,8225767,51.349,FUERZA POPULAR
2026-06-08T01:36:01,2026-06-08T01:36:01,83.68,ROBERTO HELBERT SANCHEZ PALOMINO,7793720,48.651,JUNTOS POR EL PERÚ
2026-06-08T01:42:01,2026-06-08T01:42:01,84.046,KEIKO SOFIA FUJIMORI HIGUCHI,8247736,51.294,FUERZA POPULAR
2026-06-08T01:42:01,2026-06-08T01:42:01,84.046,ROBERTO HELBERT SANCHEZ PALOMINO,7831599,48.706,JUNTOS POR EL PERÚ
2026-06-08T01:46:01,2026-06-08T01:46:01,84.459,KEIKO SOFIA FUJIMORI HIGUCHI,8275021,51.253,FUERZA POPULAR
2026-06-08T01:46:01,2026-06-08T01:46:01,84.459,ROBERTO HELBERT SANCHEZ PALOMINO,7870422,48.747,JUNTOS POR EL PERÚ
2026-06-08T01:52:01,2026-06-08T01:52:01,84.847,KEIKO SOFIA FUJIMORI HIGUCHI,8302095,51.214,FUERZA POPULAR
2026-06-08T01:52:01,2026-06-08T01:52:01,84.847,ROBERTO HELBERT SANCHEZ PALOMINO,7908412,48.786,JUNTOS POR EL PERÚ
2026-06-08T01:56:01,2026-06-08T01:56:01,85.148,KEIKO SOFIA FUJIMORI HIGUCHI,8321201,51.179,FUERZA POPULAR
2026-06-08T01:56:01,2026-06-08T01:56:01,85.148,ROBERTO HELBERT SANCHEZ PALOMINO,7937891,48.821,JUNTOS POR EL PERÚ
2026-06-08T02:02:01,2026-06-08T02:02:01,85.484,KEIKO SOFIA FUJIMORI HIGUCHI,8340066,51.121,FUERZA POPULAR
2026-06-08T02:02:01,2026-06-08T02:02:01,85.484,ROBERTO HELBERT SANCHEZ PALOMINO,7974372,48.879,JUNTOS POR EL PERÚ
2026-06-08T02:08:01,2026-06-08T02:08:01,85.716,KEIKO SOFIA FUJIMORI HIGUCHI,8353346,51.081,FUERZA POPULAR
2026-06-08T02:08:01,2026-06-08T02:08:01,85.716,ROBERTO HELBERT SANCHEZ PALOMINO,7999800,48.919,JUNTOS POR EL PERÚ
2026-06-08T02:12:01,2026-06-08T02:12:01,85.92,KEIKO SOFIA FUJIMORI HIGUCHI,8367133,51.055,FUERZA POPULAR
2026-06-08T02:12:01,2026-06-08T02:12:01,85.92,ROBERTO HELBERT SANCHEZ PALOMINO,8021449,48.945,JUNTOS POR EL PERÚ
2026-06-08T02:18:01,2026-06-08T02:18:01,86.223,KEIKO SOFIA FUJIMORI HIGUCHI,8384596,51.007,FUERZA POPULAR
2026-06-08T02:18:01,2026-06-08T02:18:01,86.223,ROBERTO HELBERT SANCHEZ PALOMINO,8053545,48.993,JUNTOS POR EL PERÚ
2026-06-08T02:22:01,2026-06-08T02:22:01,86.489,KEIKO SOFIA FUJIMORI HIGUCHI,8400776,50.978,FUERZA POPULAR
2026-06-08T02:22:01,2026-06-08T02:22:01,86.489,ROBERTO HELBERT SANCHEZ PALOMINO,8078592,49.022,JUNTOS POR EL PERÚ
2026-06-08T02:28:01,2026-06-08T02:28:01,86.705,KEIKO SOFIA FUJIMORI HIGUCHI,8416128,50.963,FUERZA POPULAR
2026-06-08T02:28:01,2026-06-08T02:28:01,86.705,ROBERTO HELBERT SANCHEZ PALOMINO,8097995,49.037,JUNTOS POR EL PERÚ
2026-06-08T02:32:01,2026-06-08T02:32:01,86.914,KEIKO SOFIA FUJIMORI HIGUCHI,8428740,50.93,FUERZA POPULAR
2026-06-08T02:32:01,2026-06-08T02:32:01,86.914,ROBERTO HELBERT SANCHEZ PALOMINO,8121027,49.07,JUNTOS POR EL PERÚ
2026-06-08T02:38:01,2026-06-08T02:38:01,87.187,KEIKO SOFIA FUJIMORI HIGUCHI,8447690,50.906,FUERZA POPULAR
2026-06-08T02:38:01,2026-06-08T02:38:01,87.187,ROBERTO HELBERT SANCHEZ PALOMINO,8146882,49.094,JUNTOS POR EL PERÚ
2026-06-08T02:42:01,2026-06-08T02:42:01,87.477,KEIKO SOFIA FUJIMORI HIGUCHI,8461581,50.855,FUERZA POPULAR
2026-06-08T02:42:01,2026-06-08T02:42:01,87.477,ROBERTO HELBERT SANCHEZ PALOMINO,8177062,49.145,JUNTOS POR EL PERÚ
2026-06-08T02:46:00,2026-06-08T02:46:00,87.653,KEIKO SOFIA FUJIMORI HIGUCHI,8472808,50.837,FUERZA POPULAR
2026-06-08T02:46:00,2026-06-08T02:46:00,87.653,ROBERTO HELBERT SANCHEZ PALOMINO,8193864,49.163,JUNTOS POR EL PERÚ
2026-06-08T02:52:01,2026-06-08T02:52:01,87.877,KEIKO SOFIA FUJIMORI HIGUCHI,8484503,50.803,FUERZA POPULAR
2026-06-08T02:52:01,2026-06-08T02:52:01,87.877,ROBERTO HELBERT SANCHEZ PALOMINO,8216448,49.197,JUNTOS POR EL PERÚ
2026-06-08T02:56:01,2026-06-08T02:56:01,88.09,KEIKO SOFIA FUJIMORI HIGUCHI,8499580,50.789,FUERZA POPULAR
2026-06-08T02:56:01,2026-06-08T02:56:01,88.09,ROBERTO HELBERT SANCHEZ PALOMINO,8235645,49.211,JUNTOS POR EL PERÚ
2026-06-08T03:02:01,2026-06-08T03:02:01,88.334,KEIKO SOFIA FUJIMORI HIGUCHI,8514106,50.756,FUERZA POPULAR
2026-06-08T03:02:01,2026-06-08T03:02:01,88.334,ROBERTO HELBERT SANCHEZ PALOMINO,8260433,49.244,JUNTOS POR EL PERÚ
2026-06-08T03:06:01,2026-06-08T03:06:01,88.525,KEIKO SOFIA FUJIMORI HIGUCHI,8525483,50.735,FUERZA POPULAR
2026-06-08T03:06:01,2026-06-08T03:06:01,88.525,ROBERTO HELBERT SANCHEZ PALOMINO,8278597,49.265,JUNTOS POR EL PERÚ
2026-06-08T03:12:01,2026-06-08T03:12:01,88.805,KEIKO SOFIA FUJIMORI HIGUCHI,8543706,50.706,FUERZA POPULAR
2026-06-08T03:12:01,2026-06-08T03:12:01,88.805,ROBERTO HELBERT SANCHEZ PALOMINO,8305954,49.294,JUNTOS POR EL PERÚ
2026-06-08T03:16:01,2026-06-08T03:16:01,88.985,KEIKO SOFIA FUJIMORI HIGUCHI,8554556,50.685,FUERZA POPULAR
2026-06-08T03:16:01,2026-06-08T03:16:01,88.985,ROBERTO HELBERT SANCHEZ PALOMINO,8323210,49.315,JUNTOS POR EL PERÚ
2026-06-08T03:22:01,2026-06-08T03:22:01,89.19,KEIKO SOFIA FUJIMORI HIGUCHI,8565004,50.655,FUERZA POPULAR
2026-06-08T03:22:01,2026-06-08T03:22:01,89.19,ROBERTO HELBERT SANCHEZ PALOMINO,8343496,49.345,JUNTOS POR EL PERÚ
2026-06-08T03:26:01,2026-06-08T03:26:01,89.344,KEIKO SOFIA FUJIMORI HIGUCHI,8573860,50.637,FUERZA POPULAR
2026-06-08T03:26:01,2026-06-08T03:26:01,89.344,ROBERTO HELBERT SANCHEZ PALOMINO,8358150,49.363,JUNTOS POR EL PERÚ
2026-06-08T03:32:00,2026-06-08T03:32:00,89.498,KEIKO SOFIA FUJIMORI HIGUCHI,8580566,50.608,FUERZA POPULAR
2026-06-08T03:32:00,2026-06-08T03:32:00,89.498,ROBERTO HELBERT SANCHEZ PALOMINO,8374457,49.392,JUNTOS POR EL PERÚ
2026-06-08T03:36:01,2026-06-08T03:36:01,89.643,KEIKO SOFIA FUJIMORI HIGUCHI,8588262,50.587,FUERZA POPULAR
2026-06-08T03:36:01,2026-06-08T03:36:01,89.643,ROBERTO HELBERT SANCHEZ PALOMINO,8388883,49.413,JUNTOS POR EL PERÚ
2026-06-08T03:42:01,2026-06-08T03:42:01,89.821,KEIKO SOFIA FUJIMORI HIGUCHI,8597472,50.563,FUERZA POPULAR
2026-06-08T03:42:01,2026-06-08T03:42:01,89.821,ROBERTO HELBERT SANCHEZ PALOMINO,8406071,49.437,JUNTOS POR EL PERÚ
2026-06-08T03:46:00,2026-06-08T03:46:00,89.921,KEIKO SOFIA FUJIMORI HIGUCHI,8605319,50.56,FUERZA POPULAR
2026-06-08T03:46:00,2026-06-08T03:46:00,89.921,ROBERTO HELBERT SANCHEZ PALOMINO,8414644,49.44,JUNTOS POR EL PERÚ
2026-06-08T03:52:01,2026-06-08T03:52:01,90.02,KEIKO SOFIA FUJIMORI HIGUCHI,8611256,50.548,FUERZA POPULAR
2026-06-08T03:52:01,2026-06-08T03:52:01,90.02,ROBERTO HELBERT SANCHEZ PALOMINO,8424506,49.452,JUNTOS POR EL PERÚ
2026-06-08T03:56:01,2026-06-08T03:56:01,90.161,KEIKO SOFIA FUJIMORI HIGUCHI,8619291,50.531,FUERZA POPULAR
2026-06-08T03:56:01,2026-06-08T03:56:01,90.161,ROBERTO HELBERT SANCHEZ PALOMINO,8437998,49.469,JUNTOS POR EL PERÚ
2026-06-08T04:02:00,2026-06-08T04:02:00,90.258,KEIKO SOFIA FUJIMORI HIGUCHI,8624480,50.519,FUERZA POPULAR
2026-06-08T04:02:00,2026-06-08T04:02:00,90.258,ROBERTO HELBERT SANCHEZ PALOMINO,8447168,49.481,JUNTOS POR EL PERÚ
2026-06-08T04:06:00,2026-06-08T04:06:00,90.32,KEIKO SOFIA FUJIMORI HIGUCHI,8627421,50.508,FUERZA POPULAR
2026-06-08T04:06:00,2026-06-08T04:06:00,90.32,ROBERTO HELBERT SANCHEZ PALOMINO,8453706,49.492,JUNTOS POR EL PERÚ
2026-06-08T04:12:00,2026-06-08T04:12:00,90.399,KEIKO SOFIA FUJIMORI HIGUCHI,8631890,50.497,FUERZA POPULAR
2026-06-08T04:12:00,2026-06-08T04:12:00,90.399,ROBERTO HELBERT SANCHEZ PALOMINO,8462115,49.503,JUNTOS POR EL PERÚ
2026-06-08T04:16:00,2026-06-08T04:16:00,90.488,KEIKO SOFIA FUJIMORI HIGUCHI,8635692,50.481,FUERZA POPULAR
2026-06-08T04:16:00,2026-06-08T04:16:00,90.488,ROBERTO HELBERT SANCHEZ PALOMINO,8470957,49.519,JUNTOS POR EL PERÚ
2026-06-08T04:22:00,2026-06-08T04:22:00,90.586,KEIKO SOFIA FUJIMORI HIGUCHI,8639146,50.46,FUERZA POPULAR
2026-06-08T04:22:00,2026-06-08T04:22:00,90.586,ROBERTO HELBERT SANCHEZ PALOMINO,8481592,49.54,JUNTOS POR EL PERÚ
2026-06-08T04:32:00,2026-06-08T04:32:00,90.742,KEIKO SOFIA FUJIMORI HIGUCHI,8648039,50.44,FUERZA POPULAR
2026-06-08T04:32:00,2026-06-08T04:32:00,90.742,ROBERTO HELBERT SANCHEZ PALOMINO,8497153,49.56,JUNTOS POR EL PERÚ
2026-06-08T04:36:00,2026-06-08T04:36:00,90.869,KEIKO SOFIA FUJIMORI HIGUCHI,8653517,50.422,FUERZA POPULAR
2026-06-08T04:36:00,2026-06-08T04:36:00,90.869,ROBERTO HELBERT SANCHEZ PALOMINO,8508560,49.578,JUNTOS POR EL PERÚ
2026-06-08T04:42:00,2026-06-08T04:42:00,90.962,KEIKO SOFIA FUJIMORI HIGUCHI,8657053,50.406,FUERZA POPULAR
2026-06-08T04:42:00,2026-06-08T04:42:00,90.962,ROBERTO HELBERT SANCHEZ PALOMINO,8517441,49.594,JUNTOS POR EL PERÚ
2026-06-08T04:46:00,2026-06-08T04:46:00,91.112,KEIKO SOFIA FUJIMORI HIGUCHI,8662804,50.38,FUERZA POPULAR
2026-06-08T04:46:00,2026-06-08T04:46:00,91.112,ROBERTO HELBERT SANCHEZ PALOMINO,8532177,49.62,JUNTOS POR EL PERÚ
2026-06-08T04:52:00,2026-06-08T04:52:00,91.218,KEIKO SOFIA FUJIMORI HIGUCHI,8667056,50.366,FUERZA POPULAR
2026-06-08T04:52:00,2026-06-08T04:52:00,91.218,ROBERTO HELBERT SANCHEZ PALOMINO,8540997,49.634,JUNTOS POR EL PERÚ
2026-06-08T04:56:00,2026-06-08T04:56:00,91.368,KEIKO SOFIA FUJIMORI HIGUCHI,8676227,50.349,FUERZA POPULAR
2026-06-08T04:56:00,2026-06-08T04:56:00,91.368,ROBERTO HELBERT SANCHEZ PALOMINO,8555894,49.651,JUNTOS POR EL PERÚ
2026-06-08T05:02:00,2026-06-08T05:02:00,91.553,KEIKO SOFIA FUJIMORI HIGUCHI,8689389,50.329,FUERZA POPULAR
2026-06-08T05:02:00,2026-06-08T05:02:00,91.553,ROBERTO HELBERT SANCHEZ PALOMINO,8575759,49.671,JUNTOS POR EL PERÚ
2026-06-08T05:12:00,2026-06-08T05:12:00,91.711,KEIKO SOFIA FUJIMORI HIGUCHI,8699624,50.311,FUERZA POPULAR
2026-06-08T05:12:00,2026-06-08T05:12:00,91.711,ROBERTO HELBERT SANCHEZ PALOMINO,8591937,49.689,JUNTOS POR EL PERÚ
2026-06-08T05:16:00,2026-06-08T05:16:00,91.748,KEIKO SOFIA FUJIMORI HIGUCHI,8700397,50.305,FUERZA POPULAR
2026-06-08T05:16:00,2026-06-08T05:16:00,91.748,ROBERTO HELBERT SANCHEZ PALOMINO,8595042,49.695,JUNTOS POR EL PERÚ
2026-06-08T05:22:00,2026-06-08T05:22:00,91.809,KEIKO SOFIA FUJIMORI HIGUCHI,8701969,50.292,FUERZA POPULAR
2026-06-08T05:22:00,2026-06-08T05:22:00,91.809,ROBERTO HELBERT SANCHEZ PALOMINO,8601089,49.708,JUNTOS POR EL PERÚ
2026-06-08T05:26:00,2026-06-08T05:26:00,91.845,KEIKO SOFIA FUJIMORI HIGUCHI,8703199,50.286,FUERZA POPULAR
2026-06-08T05:26:00,2026-06-08T05:26:00,91.845,ROBERTO HELBERT SANCHEZ PALOMINO,8604207,49.714,JUNTOS POR EL PERÚ
2026-06-08T05:32:00,2026-06-08T05:32:00,91.891,KEIKO SOFIA FUJIMORI HIGUCHI,8705110,50.278,FUERZA POPULAR
2026-06-08T05:32:00,2026-06-08T05:32:00,91.891,ROBERTO HELBERT SANCHEZ PALOMINO,8608784,49.722,JUNTOS POR EL PERÚ
2026-06-08T05:36:00,2026-06-08T05:36:00,91.981,KEIKO SOFIA FUJIMORI HIGUCHI,8708204,50.265,FUERZA POPULAR
2026-06-08T05:36:00,2026-06-08T05:36:00,91.981,ROBERTO HELBERT SANCHEZ PALOMINO,8616282,49.735,JUNTOS POR EL PERÚ
2026-06-08T05:42:00,2026-06-08T05:42:00,92.038,KEIKO SOFIA FUJIMORI HIGUCHI,8709726,50.254,FUERZA POPULAR
2026-06-08T05:42:00,2026-06-08T05:42:00,92.038,ROBERTO HELBERT SANCHEZ PALOMINO,8621665,49.746,JUNTOS POR EL PERÚ
2026-06-08T05:46:00,2026-06-08T05:46:00,92.062,KEIKO SOFIA FUJIMORI HIGUCHI,8710155,50.248,FUERZA POPULAR
2026-06-08T05:46:00,2026-06-08T05:46:00,92.062,ROBERTO HELBERT SANCHEZ PALOMINO,8624224,49.752,JUNTOS POR EL PERÚ
2026-06-08T05:52:00,2026-06-08T05:52:00,92.093,KEIKO SOFIA FUJIMORI HIGUCHI,8712237,50.244,FUERZA POPULAR
2026-06-08T05:52:00,2026-06-08T05:52:00,92.093,ROBERTO HELBERT SANCHEZ PALOMINO,8627561,49.756,JUNTOS POR EL PERÚ
2026-06-08T05:58:00,2026-06-08T05:58:00,92.132,KEIKO SOFIA FUJIMORI HIGUCHI,8714487,50.24,FUERZA POPULAR
2026-06-08T05:58:00,2026-06-08T05:58:00,92.132,ROBERTO HELBERT SANCHEZ PALOMINO,8631199,49.76,JUNTOS POR EL PERÚ
2026-06-08T06:02:00,2026-06-08T06:02:00,92.15,KEIKO SOFIA FUJIMORI HIGUCHI,8714851,50.235,FUERZA POPULAR
2026-06-08T06:02:00,2026-06-08T06:02:00,92.15,ROBERTO HELBERT SANCHEZ PALOMINO,8633146,49.765,JUNTOS POR EL PERÚ
2026-06-08T06:06:00,2026-06-08T06:06:00,92.177,KEIKO SOFIA FUJIMORI HIGUCHI,8715870,50.231,FUERZA POPULAR
2026-06-08T06:06:00,2026-06-08T06:06:00,92.177,ROBERTO HELBERT SANCHEZ PALOMINO,8635660,49.769,JUNTOS POR EL PERÚ
2026-06-08T06:12:00,2026-06-08T06:12:00,92.208,KEIKO SOFIA FUJIMORI HIGUCHI,8716771,50.225,FUERZA POPULAR
2026-06-08T06:12:00,2026-06-08T06:12:00,92.208,ROBERTO HELBERT SANCHEZ PALOMINO,8638750,49.775,JUNTOS POR EL PERÚ
2026-06-08T06:16:00,2026-06-08T06:16:00,92.254,KEIKO SOFIA FUJIMORI HIGUCHI,8718265,50.215,FUERZA POPULAR
2026-06-08T06:16:00,2026-06-08T06:16:00,92.254,ROBERTO HELBERT SANCHEZ PALOMINO,8643605,49.785,JUNTOS POR EL PERÚ
2026-06-08T06:22:00,2026-06-08T06:22:00,92.256,KEIKO SOFIA FUJIMORI HIGUCHI,8718356,50.214,FUERZA POPULAR
2026-06-08T06:22:00,2026-06-08T06:22:00,92.256,ROBERTO HELBERT SANCHEZ PALOMINO,8643877,49.786,JUNTOS POR EL PERÚ
2026-06-08T06:28:00,2026-06-08T06:28:00,92.276,KEIKO SOFIA FUJIMORI HIGUCHI,8719318,50.21,FUERZA POPULAR
2026-06-08T06:28:00,2026-06-08T06:28:00,92.276,ROBERTO HELBERT SANCHEZ PALOMINO,8646444,49.79,JUNTOS POR EL PERÚ
2026-06-08T06:32:00,2026-06-08T06:32:00,92.295,KEIKO SOFIA FUJIMORI HIGUCHI,8720096,50.206,FUERZA POPULAR
2026-06-08T06:32:00,2026-06-08T06:32:00,92.295,ROBERTO HELBERT SANCHEZ PALOMINO,8648407,49.794,JUNTOS POR EL PERÚ
2026-06-08T06:36:00,2026-06-08T06:36:00,92.328,KEIKO SOFIA FUJIMORI HIGUCHI,8721496,50.2,FUERZA POPULAR
2026-06-08T06:36:00,2026-06-08T06:36:00,92.328,ROBERTO HELBERT SANCHEZ PALOMINO,8652055,49.8,JUNTOS POR EL PERÚ
2026-06-08T06:42:00,2026-06-08T06:42:00,92.395,KEIKO SOFIA FUJIMORI HIGUCHI,8722893,50.187,FUERZA POPULAR
2026-06-08T06:42:00,2026-06-08T06:42:00,92.395,ROBERTO HELBERT SANCHEZ PALOMINO,8658055,49.813,JUNTOS POR EL PERÚ
2026-06-08T06:46:00,2026-06-08T06:46:00,92.428,KEIKO SOFIA FUJIMORI HIGUCHI,8724215,50.183,FUERZA POPULAR
2026-06-08T06:46:00,2026-06-08T06:46:00,92.428,ROBERTO HELBERT SANCHEZ PALOMINO,8660668,49.817,JUNTOS POR EL PERÚ
2026-06-08T06:52:00,2026-06-08T06:52:00,92.45,KEIKO SOFIA FUJIMORI HIGUCHI,8725104,50.18,FUERZA POPULAR
2026-06-08T06:52:00,2026-06-08T06:52:00,92.45,ROBERTO HELBERT SANCHEZ PALOMINO,8662403,49.82,JUNTOS POR EL PERÚ
2026-06-08T06:58:00,2026-06-08T06:58:00,92.484,KEIKO SOFIA FUJIMORI HIGUCHI,8727164,50.176,FUERZA POPULAR
2026-06-08T06:58:00,2026-06-08T06:58:00,92.484,ROBERTO HELBERT SANCHEZ PALOMINO,8665883,49.824,JUNTOS POR EL PERÚ
2026-06-08T07:02:00,2026-06-08T07:02:00,92.513,KEIKO SOFIA FUJIMORI HIGUCHI,8728975,50.172,FUERZA POPULAR
2026-06-08T07:02:00,2026-06-08T07:02:00,92.513,ROBERTO HELBERT SANCHEZ PALOMINO,8669003,49.828,JUNTOS POR EL PERÚ
2026-06-08T07:06:00,2026-06-08T07:06:00,92.53,KEIKO SOFIA FUJIMORI HIGUCHI,8729789,50.17,FUERZA POPULAR
2026-06-08T07:06:00,2026-06-08T07:06:00,92.53,ROBERTO HELBERT SANCHEZ PALOMINO,8670540,49.83,JUNTOS POR EL PERÚ
2026-06-08T07:12:00,2026-06-08T07:12:00,92.569,KEIKO SOFIA FUJIMORI HIGUCHI,8731535,50.164,FUERZA POPULAR
2026-06-08T07:12:00,2026-06-08T07:12:00,92.569,ROBERTO HELBERT SANCHEZ PALOMINO,8674439,49.836,JUNTOS POR EL PERÚ
2026-06-08T07:16:00,2026-06-08T07:16:00,92.588,KEIKO SOFIA FUJIMORI HIGUCHI,8732427,50.162,FUERZA POPULAR
2026-06-08T07:16:00,2026-06-08T07:16:00,92.588,ROBERTO HELBERT SANCHEZ PALOMINO,8676128,49.838,JUNTOS POR EL PERÚ
2026-06-08T07:22:00,2026-06-08T07:22:00,92.609,KEIKO SOFIA FUJIMORI HIGUCHI,8734031,50.161,FUERZA POPULAR
2026-06-08T07:22:00,2026-06-08T07:22:00,92.609,ROBERTO HELBERT SANCHEZ PALOMINO,8678046,49.839,JUNTOS POR EL PERÚ
2026-06-08T07:26:00,2026-06-08T07:26:00,92.634,KEIKO SOFIA FUJIMORI HIGUCHI,8735573,50.158,FUERZA POPULAR
2026-06-08T07:26:00,2026-06-08T07:26:00,92.634,ROBERTO HELBERT SANCHEZ PALOMINO,8680612,49.842,JUNTOS POR EL PERÚ
2026-06-08T07:32:00,2026-06-08T07:32:00,92.673,KEIKO SOFIA FUJIMORI HIGUCHI,8736480,50.148,FUERZA POPULAR
2026-06-08T07:32:00,2026-06-08T07:32:00,92.673,ROBERTO HELBERT SANCHEZ PALOMINO,8684791,49.852,JUNTOS POR EL PERÚ
2026-06-08T07:36:00,2026-06-08T07:36:00,92.719,KEIKO SOFIA FUJIMORI HIGUCHI,8737374,50.14,FUERZA POPULAR
2026-06-08T07:36:00,2026-06-08T07:36:00,92.719,ROBERTO HELBERT SANCHEZ PALOMINO,8688518,49.86,JUNTOS POR EL PERÚ
2026-06-08T07:42:00,2026-06-08T07:42:00,92.749,KEIKO SOFIA FUJIMORI HIGUCHI,8738165,50.134,FUERZA POPULAR
2026-06-08T07:42:00,2026-06-08T07:42:00,92.749,ROBERTO HELBERT SANCHEZ PALOMINO,8691461,49.866,JUNTOS POR EL PERÚ
2026-06-08T07:46:00,2026-06-08T07:46:00,92.797,KEIKO SOFIA FUJIMORI HIGUCHI,8740160,50.125,FUERZA POPULAR
2026-06-08T07:46:00,2026-06-08T07:46:00,92.797,ROBERTO HELBERT SANCHEZ PALOMINO,8696536,49.875,JUNTOS POR EL PERÚ
2026-06-08T07:52:00,2026-06-08T07:52:00,92.806,KEIKO SOFIA FUJIMORI HIGUCHI,8740717,50.125,FUERZA POPULAR
2026-06-08T07:52:00,2026-06-08T07:52:00,92.806,ROBERTO HELBERT SANCHEZ PALOMINO,8697292,49.875,JUNTOS POR EL PERÚ
2026-06-08T07:58:00,2026-06-08T07:58:00,92.844,KEIKO SOFIA FUJIMORI HIGUCHI,8742402,50.117,FUERZA POPULAR
2026-06-08T07:58:00,2026-06-08T07:58:00,92.844,ROBERTO HELBERT SANCHEZ PALOMINO,8701432,49.883,JUNTOS POR EL PERÚ
2026-06-08T08:02:00,2026-06-08T08:02:00,92.859,KEIKO SOFIA FUJIMORI HIGUCHI,8742823,50.114,FUERZA POPULAR
2026-06-08T08:02:00,2026-06-08T08:02:00,92.859,ROBERTO HELBERT SANCHEZ PALOMINO,8702958,49.886,JUNTOS POR EL PERÚ
2026-06-08T08:06:00,2026-06-08T08:06:00,92.862,KEIKO SOFIA FUJIMORI HIGUCHI,8742861,50.114,FUERZA POPULAR
2026-06-08T08:06:00,2026-06-08T08:06:00,92.862,ROBERTO HELBERT SANCHEZ PALOMINO,8703210,49.886,JUNTOS POR EL PERÚ
2026-06-08T08:12:00,2026-06-08T08:12:00,92.882,KEIKO SOFIA FUJIMORI HIGUCHI,8743532,50.109,FUERZA POPULAR
2026-06-08T08:12:00,2026-06-08T08:12:00,92.882,ROBERTO HELBERT SANCHEZ PALOMINO,8705443,49.891,JUNTOS POR EL PERÚ
2026-06-08T08:18:00,2026-06-08T08:18:00,92.925,KEIKO SOFIA FUJIMORI HIGUCHI,8745833,50.104,FUERZA POPULAR
2026-06-08T08:18:00,2026-06-08T08:18:00,92.925,ROBERTO HELBERT SANCHEZ PALOMINO,8709615,49.896,JUNTOS POR EL PERÚ
2026-06-08T08:22:00,2026-06-08T08:22:00,92.978,KEIKO SOFIA FUJIMORI HIGUCHI,8747900,50.095,FUERZA POPULAR
2026-06-08T08:22:00,2026-06-08T08:22:00,92.978,ROBERTO HELBERT SANCHEZ PALOMINO,8714739,49.905,JUNTOS POR EL PERÚ
2026-06-08T08:26:00,2026-06-08T08:26:00,93.011,KEIKO SOFIA FUJIMORI HIGUCHI,8749483,50.091,FUERZA POPULAR
2026-06-08T08:26:00,2026-06-08T08:26:00,93.011,ROBERTO HELBERT SANCHEZ PALOMINO,8717739,49.909,JUNTOS POR EL PERÚ
2026-06-08T08:32:00,2026-06-08T08:32:00,93.03,KEIKO SOFIA FUJIMORI HIGUCHI,8750166,50.089,FUERZA POPULAR
2026-06-08T08:32:00,2026-06-08T08:32:00,93.03,ROBERTO HELBERT SANCHEZ PALOMINO,8719223,49.911,JUNTOS POR EL PERÚ
2026-06-08T08:38:00,2026-06-08T08:38:00,93.051,KEIKO SOFIA FUJIMORI HIGUCHI,8751128,50.085,FUERZA POPULAR
2026-06-08T08:38:00,2026-06-08T08:38:00,93.051,ROBERTO HELBERT SANCHEZ PALOMINO,8721333,49.915,JUNTOS POR EL PERÚ
2026-06-08T08:42:00,2026-06-08T08:42:00,93.07,KEIKO SOFIA FUJIMORI HIGUCHI,8751716,50.083,FUERZA POPULAR
2026-06-08T08:42:00,2026-06-08T08:42:00,93.07,ROBERTO HELBERT SANCHEZ PALOMINO,8722663,49.917,JUNTOS POR EL PERÚ
2026-06-08T08:48:00,2026-06-08T08:48:00,93.077,KEIKO SOFIA FUJIMORI HIGUCHI,8752041,50.082,FUERZA POPULAR
2026-06-08T08:48:00,2026-06-08T08:48:00,93.077,ROBERTO HELBERT SANCHEZ PALOMINO,8723339,49.918,JUNTOS POR EL PERÚ
2026-06-08T08:52:00,2026-06-08T08:52:00,93.092,KEIKO SOFIA FUJIMORI HIGUCHI,8752752,50.08,FUERZA POPULAR
2026-06-08T08:52:00,2026-06-08T08:52:00,93.092,ROBERTO HELBERT SANCHEZ PALOMINO,8724815,49.92,JUNTOS POR EL PERÚ
2026-06-08T08:56:00,2026-06-08T08:56:00,93.119,KEIKO SOFIA FUJIMORI HIGUCHI,8754268,50.078,FUERZA POPULAR
2026-06-08T08:56:00,2026-06-08T08:56:00,93.119,ROBERTO HELBERT SANCHEZ PALOMINO,8726915,49.922,JUNTOS POR EL PERÚ
2026-06-08T09:02:00,2026-06-08T09:02:00,93.128,KEIKO SOFIA FUJIMORI HIGUCHI,8754685,50.077,FUERZA POPULAR
2026-06-08T09:02:00,2026-06-08T09:02:00,93.128,ROBERTO HELBERT SANCHEZ PALOMINO,8727715,49.923,JUNTOS POR EL PERÚ
2026-06-08T09:06:00,2026-06-08T09:06:00,93.144,KEIKO SOFIA FUJIMORI HIGUCHI,8755474,50.076,FUERZA POPULAR
2026-06-08T09:06:00,2026-06-08T09:06:00,93.144,ROBERTO HELBERT SANCHEZ PALOMINO,8728963,49.924,JUNTOS POR EL PERÚ
2026-06-08T09:12:00,2026-06-08T09:12:00,93.154,KEIKO SOFIA FUJIMORI HIGUCHI,8755644,50.073,FUERZA POPULAR
2026-06-08T09:12:00,2026-06-08T09:12:00,93.154,ROBERTO HELBERT SANCHEZ PALOMINO,8730054,49.927,JUNTOS POR EL PERÚ
2026-06-08T09:18:00,2026-06-08T09:18:00,93.155,KEIKO SOFIA FUJIMORI HIGUCHI,8755673,50.073,FUERZA POPULAR
2026-06-08T09:18:00,2026-06-08T09:18:00,93.155,ROBERTO HELBERT SANCHEZ PALOMINO,8730172,49.927,JUNTOS POR EL PERÚ
2026-06-08T09:22:00,2026-06-08T09:22:00,93.156,KEIKO SOFIA FUJIMORI HIGUCHI,8755696,50.073,FUERZA POPULAR
2026-06-08T09:22:00,2026-06-08T09:22:00,93.156,ROBERTO HELBERT SANCHEZ PALOMINO,8730248,49.927,JUNTOS POR EL PERÚ
2026-06-08T09:26:00,2026-06-08T09:26:00,93.166,KEIKO SOFIA FUJIMORI HIGUCHI,8755938,50.071,FUERZA POPULAR
2026-06-08T09:26:00,2026-06-08T09:26:00,93.166,ROBERTO HELBERT SANCHEZ PALOMINO,8731180,49.929,JUNTOS POR EL PERÚ
2026-06-08T09:32:00,2026-06-08T09:32:00,93.17,KEIKO SOFIA FUJIMORI HIGUCHI,8756137,50.07,FUERZA POPULAR
2026-06-08T09:32:00,2026-06-08T09:32:00,93.17,ROBERTO HELBERT SANCHEZ PALOMINO,8731524,49.93,JUNTOS POR EL PERÚ
2026-06-08T09:38:00,2026-06-08T09:38:00,93.181,KEIKO SOFIA FUJIMORI HIGUCHI,8756646,50.069,FUERZA POPULAR
2026-06-08T09:38:00,2026-06-08T09:38:00,93.181,ROBERTO HELBERT SANCHEZ PALOMINO,8732482,49.931,JUNTOS POR EL PERÚ
2026-06-08T09:42:00,2026-06-08T09:42:00,93.209,KEIKO SOFIA FUJIMORI HIGUCHI,8758465,50.068,FUERZA POPULAR
2026-06-08T09:42:00,2026-06-08T09:42:00,93.209,ROBERTO HELBERT SANCHEZ PALOMINO,8734796,49.932,JUNTOS POR EL PERÚ
2026-06-08T09:48:00,2026-06-08T09:48:00,93.228,KEIKO SOFIA FUJIMORI HIGUCHI,8759561,50.066,FUERZA POPULAR
2026-06-08T09:48:00,2026-06-08T09:48:00,93.228,ROBERTO HELBERT SANCHEZ PALOMINO,8736620,49.934,JUNTOS POR EL PERÚ
2026-06-08T09:52:00,2026-06-08T09:52:00,93.241,KEIKO SOFIA FUJIMORI HIGUCHI,8759812,50.064,FUERZA POPULAR
2026-06-08T09:52:00,2026-06-08T09:52:00,93.241,ROBERTO HELBERT SANCHEZ PALOMINO,8737462,49.936,JUNTOS POR EL PERÚ
2026-06-08T09:56:00,2026-06-08T09:56:00,93.268,KEIKO SOFIA FUJIMORI HIGUCHI,8760514,50.058,FUERZA POPULAR
2026-06-08T09:56:00,2026-06-08T09:56:00,93.268,ROBERTO HELBERT SANCHEZ PALOMINO,8740134,49.942,JUNTOS POR EL PERÚ
2026-06-08T10:02:00,2026-06-08T10:02:00,93.314,KEIKO SOFIA FUJIMORI HIGUCHI,8762789,50.057,FUERZA POPULAR
2026-06-08T10:02:00,2026-06-08T10:02:00,93.314,ROBERTO HELBERT SANCHEZ PALOMINO,8742971,49.943,JUNTOS POR EL PERÚ
2026-06-08T10:06:00,2026-06-08T10:06:00,93.328,KEIKO SOFIA FUJIMORI HIGUCHI,8763418,50.056,FUERZA POPULAR
2026-06-08T10:06:00,2026-06-08T10:06:00,93.328,ROBERTO HELBERT SANCHEZ PALOMINO,8743864,49.944,JUNTOS POR EL PERÚ
2026-06-08T10:12:00,2026-06-08T10:12:00,93.361,KEIKO SOFIA FUJIMORI HIGUCHI,8764284,50.048,FUERZA POPULAR
2026-06-08T10:12:00,2026-06-08T10:12:00,93.361,ROBERTO HELBERT SANCHEZ PALOMINO,8747478,49.952,JUNTOS POR EL PERÚ
2026-06-08T10:16:00,2026-06-08T10:16:00,93.369,KEIKO SOFIA FUJIMORI HIGUCHI,8764327,50.046,FUERZA POPULAR
2026-06-08T10:16:00,2026-06-08T10:16:00,93.369,ROBERTO HELBERT SANCHEZ PALOMINO,8748143,49.954,JUNTOS POR EL PERÚ
2026-06-08T10:22:00,2026-06-08T10:22:00,93.39,KEIKO SOFIA FUJIMORI HIGUCHI,8764725,50.044,FUERZA POPULAR
2026-06-08T10:22:00,2026-06-08T10:22:00,93.39,ROBERTO HELBERT SANCHEZ PALOMINO,8749219,49.956,JUNTOS POR EL PERÚ
2026-06-08T10:28:00,2026-06-08T10:28:00,93.397,KEIKO SOFIA FUJIMORI HIGUCHI,8765154,50.044,FUERZA POPULAR
2026-06-08T10:28:00,2026-06-08T10:28:00,93.397,ROBERTO HELBERT SANCHEZ PALOMINO,8749850,49.956,JUNTOS POR EL PERÚ
2026-06-08T10:32:00,2026-06-08T10:32:00,93.407,KEIKO SOFIA FUJIMORI HIGUCHI,8765590,50.043,FUERZA POPULAR
2026-06-08T10:32:00,2026-06-08T10:32:00,93.407,ROBERTO HELBERT SANCHEZ PALOMINO,8750503,49.957,JUNTOS POR EL PERÚ
2026-06-08T10:36:00,2026-06-08T10:36:00,93.425,KEIKO SOFIA FUJIMORI HIGUCHI,8766491,50.041,FUERZA POPULAR
2026-06-08T10:36:00,2026-06-08T10:36:00,93.425,ROBERTO HELBERT SANCHEZ PALOMINO,8752098,49.959,JUNTOS POR EL PERÚ
2026-06-08T10:42:00,2026-06-08T10:42:00,93.451,KEIKO SOFIA FUJIMORI HIGUCHI,8767820,50.037,FUERZA POPULAR
2026-06-08T10:42:00,2026-06-08T10:42:00,93.451,ROBERTO HELBERT SANCHEZ PALOMINO,8754689,49.963,JUNTOS POR EL PERÚ
2026-06-08T10:46:00,2026-06-08T10:46:00,93.467,KEIKO SOFIA FUJIMORI HIGUCHI,8768586,50.036,FUERZA POPULAR
2026-06-08T10:46:00,2026-06-08T10:46:00,93.467,ROBERTO HELBERT SANCHEZ PALOMINO,8755921,49.964,JUNTOS POR EL PERÚ
2026-06-08T10:52:00,2026-06-08T10:52:00,93.484,KEIKO SOFIA FUJIMORI HIGUCHI,8769222,50.035,FUERZA POPULAR
2026-06-08T10:52:00,2026-06-08T10:52:00,93.484,ROBERTO HELBERT SANCHEZ PALOMINO,8756887,49.965,JUNTOS POR EL PERÚ
2026-06-08T10:56:00,2026-06-08T10:56:00,93.502,KEIKO SOFIA FUJIMORI HIGUCHI,8769857,50.031,FUERZA POPULAR
2026-06-08T10:56:00,2026-06-08T10:56:00,93.502,ROBERTO HELBERT SANCHEZ PALOMINO,8758903,49.969,JUNTOS POR EL PERÚ
2026-06-08T11:02:00,2026-06-08T11:02:00,93.533,KEIKO SOFIA FUJIMORI HIGUCHI,8770894,50.024,FUERZA POPULAR
2026-06-08T11:02:00,2026-06-08T11:02:00,93.533,ROBERTO HELBERT SANCHEZ PALOMINO,8762494,49.976,JUNTOS POR EL PERÚ
2026-06-08T11:08:00,2026-06-08T11:08:00,93.556,KEIKO SOFIA FUJIMORI HIGUCHI,8771551,50.021,FUERZA POPULAR
2026-06-08T11:08:00,2026-06-08T11:08:00,93.556,ROBERTO HELBERT SANCHEZ PALOMINO,8764313,49.979,JUNTOS POR EL PERÚ
2026-06-08T11:12:00,2026-06-08T11:12:00,93.574,KEIKO SOFIA FUJIMORI HIGUCHI,8772373,50.02,FUERZA POPULAR
2026-06-08T11:12:00,2026-06-08T11:12:00,93.574,ROBERTO HELBERT SANCHEZ PALOMINO,8765384,49.98,JUNTOS POR EL PERÚ
2026-06-08T11:16:00,2026-06-08T11:16:00,93.599,KEIKO SOFIA FUJIMORI HIGUCHI,8774006,50.02,FUERZA POPULAR
2026-06-08T11:16:00,2026-06-08T11:16:00,93.599,ROBERTO HELBERT SANCHEZ PALOMINO,8766987,49.98,JUNTOS POR EL PERÚ
2026-06-08T11:22:00,2026-06-08T11:22:00,93.617,KEIKO SOFIA FUJIMORI HIGUCHI,8774506,50.017,FUERZA POPULAR
2026-06-08T11:22:00,2026-06-08T11:22:00,93.617,ROBERTO HELBERT SANCHEZ PALOMINO,8768500,49.983,JUNTOS POR EL PERÚ
2026-06-08T11:28:00,2026-06-08T11:28:00,93.623,KEIKO SOFIA FUJIMORI HIGUCHI,8774838,50.017,FUERZA POPULAR
2026-06-08T11:28:00,2026-06-08T11:28:00,93.623,ROBERTO HELBERT SANCHEZ PALOMINO,8768838,49.983,JUNTOS POR EL PERÚ
2026-06-08T11:32:00,2026-06-08T11:32:00,93.642,KEIKO SOFIA FUJIMORI HIGUCHI,8775952,50.018,FUERZA POPULAR
2026-06-08T11:32:00,2026-06-08T11:32:00,93.642,ROBERTO HELBERT SANCHEZ PALOMINO,8769657,49.982,JUNTOS POR EL PERÚ
2026-06-08T11:38:00,2026-06-08T11:38:00,93.647,KEIKO SOFIA FUJIMORI HIGUCHI,8776284,50.018,FUERZA POPULAR
2026-06-08T11:38:00,2026-06-08T11:38:00,93.647,ROBERTO HELBERT SANCHEZ PALOMINO,8769899,49.982,JUNTOS POR EL PERÚ
2026-06-08T11:42:00,2026-06-08T11:42:00,93.654,KEIKO SOFIA FUJIMORI HIGUCHI,8776702,50.019,FUERZA POPULAR
2026-06-08T11:42:00,2026-06-08T11:42:00,93.654,ROBERTO HELBERT SANCHEZ PALOMINO,8770141,49.981,JUNTOS POR EL PERÚ
2026-06-08T11:48:00,2026-06-08T11:48:00,93.678,KEIKO SOFIA FUJIMORI HIGUCHI,8777822,50.018,FUERZA POPULAR
2026-06-08T11:48:00,2026-06-08T11:48:00,93.678,ROBERTO HELBERT SANCHEZ PALOMINO,8771594,49.982,JUNTOS POR EL PERÚ
2026-06-08T11:52:00,2026-06-08T11:52:00,93.698,KEIKO SOFIA FUJIMORI HIGUCHI,8778763,50.018,FUERZA POPULAR
2026-06-08T11:52:00,2026-06-08T11:52:00,93.698,ROBERTO HELBERT SANCHEZ PALOMINO,8772519,49.982,JUNTOS POR EL PERÚ
2026-06-08T11:56:00,2026-06-08T11:56:00,93.727,KEIKO SOFIA FUJIMORI HIGUCHI,8779917,50.016,FUERZA POPULAR
2026-06-08T11:56:00,2026-06-08T11:56:00,93.727,ROBERTO HELBERT SANCHEZ PALOMINO,8774253,49.984,JUNTOS POR EL PERÚ
2026-06-08T12:02:00,2026-06-08T12:02:00,93.757,KEIKO SOFIA FUJIMORI HIGUCHI,8780815,50.011,FUERZA POPULAR
2026-06-08T12:02:00,2026-06-08T12:02:00,93.757,ROBERTO HELBERT SANCHEZ PALOMINO,8776811,49.989,JUNTOS POR EL PERÚ
2026-06-08T12:06:00,2026-06-08T12:06:00,93.767,KEIKO SOFIA FUJIMORI HIGUCHI,8781196,50.011,FUERZA POPULAR
2026-06-08T12:06:00,2026-06-08T12:06:00,93.767,ROBERTO HELBERT SANCHEZ PALOMINO,8777432,49.989,JUNTOS POR EL PERÚ
2026-06-08T12:16:00,2026-06-08T12:16:00,93.771,KEIKO SOFIA FUJIMORI HIGUCHI,8781246,50.009,FUERZA POPULAR
2026-06-08T12:16:00,2026-06-08T12:16:00,93.771,ROBERTO HELBERT SANCHEZ PALOMINO,8777982,49.991,JUNTOS POR EL PERÚ
2026-06-08T12:22:00,2026-06-08T12:22:00,93.777,KEIKO SOFIA FUJIMORI HIGUCHI,8781323,50.008,FUERZA POPULAR
2026-06-08T12:22:00,2026-06-08T12:22:00,93.777,ROBERTO HELBERT SANCHEZ PALOMINO,8778409,49.992,JUNTOS POR EL PERÚ
2026-06-08T12:26:00,2026-06-08T12:26:00,93.794,KEIKO SOFIA FUJIMORI HIGUCHI,8781831,50.006,FUERZA POPULAR
2026-06-08T12:26:00,2026-06-08T12:26:00,93.794,ROBERTO HELBERT SANCHEZ PALOMINO,8779774,49.994,JUNTOS POR EL PERÚ
2026-06-08T12:32:00,2026-06-08T12:32:00,93.823,KEIKO SOFIA FUJIMORI HIGUCHI,8783435,50.006,FUERZA POPULAR
2026-06-08T12:32:00,2026-06-08T12:32:00,93.823,ROBERTO HELBERT SANCHEZ PALOMINO,8781255,49.994,JUNTOS POR EL PERÚ
2026-06-08T12:36:00,2026-06-08T12:36:00,93.833,KEIKO SOFIA FUJIMORI HIGUCHI,8784039,50.006,FUERZA POPULAR
2026-06-08T12:36:00,2026-06-08T12:36:00,93.833,ROBERTO HELBERT SANCHEZ PALOMINO,8781827,49.994,JUNTOS POR EL PERÚ
2026-06-08T12:42:00,2026-06-08T12:42:00,93.838,KEIKO SOFIA FUJIMORI HIGUCHI,8784391,50.007,FUERZA POPULAR
2026-06-08T12:42:00,2026-06-08T12:42:00,93.838,ROBERTO HELBERT SANCHEZ PALOMINO,8782099,49.993,JUNTOS POR EL PERÚ
2026-06-08T12:46:00,2026-06-08T12:46:00,93.857,KEIKO SOFIA FUJIMORI HIGUCHI,8785128,50.002,FUERZA POPULAR
2026-06-08T12:46:00,2026-06-08T12:46:00,93.857,ROBERTO HELBERT SANCHEZ PALOMINO,8784460,49.998,JUNTOS POR EL PERÚ
2026-06-08T12:52:00,2026-06-08T12:52:00,93.87,KEIKO SOFIA FUJIMORI HIGUCHI,8785887,50.001,FUERZA POPULAR
2026-06-08T12:52:00,2026-06-08T12:52:00,93.87,ROBERTO HELBERT SANCHEZ PALOMINO,8785537,49.999,JUNTOS POR EL PERÚ
2026-06-08T12:58:00,2026-06-08T12:58:00,93.92,ROBERTO HELBERT SANCHEZ PALOMINO,8790560,50.008,JUNTOS POR EL PERÚ
2026-06-08T12:58:00,2026-06-08T12:58:00,93.92,KEIKO SOFIA FUJIMORI HIGUCHI,8787618,49.992,FUERZA POPULAR
2026-06-08T13:02:00,2026-06-08T13:02:00,93.941,ROBERTO HELBERT SANCHEZ PALOMINO,8792697,50.012,JUNTOS POR EL PERÚ
2026-06-08T13:02:00,2026-06-08T13:02:00,93.941,KEIKO SOFIA FUJIMORI HIGUCHI,8788307,49.988,FUERZA POPULAR
2026-06-08T13:08:00,2026-06-08T13:08:00,93.945,ROBERTO HELBERT SANCHEZ PALOMINO,8792979,50.012,JUNTOS POR EL PERÚ
2026-06-08T13:08:00,2026-06-08T13:08:00,93.945,KEIKO SOFIA FUJIMORI HIGUCHI,8788594,49.988,FUERZA POPULAR
2026-06-08T13:12:00,2026-06-08T13:12:00,93.976,ROBERTO HELBERT SANCHEZ PALOMINO,8795043,50.015,JUNTOS POR EL PERÚ
2026-06-08T13:12:00,2026-06-08T13:12:00,93.976,KEIKO SOFIA FUJIMORI HIGUCHI,8789754,49.985,FUERZA POPULAR
2026-06-08T13:18:00,2026-06-08T13:18:00,94.029,ROBERTO HELBERT SANCHEZ PALOMINO,8799330,50.022,JUNTOS POR EL PERÚ
2026-06-08T13:18:00,2026-06-08T13:18:00,94.029,KEIKO SOFIA FUJIMORI HIGUCHI,8791529,49.978,FUERZA POPULAR
2026-06-08T13:22:00,2026-06-08T13:22:00,94.061,ROBERTO HELBERT SANCHEZ PALOMINO,8802540,50.027,JUNTOS POR EL PERÚ
2026-06-08T13:22:00,2026-06-08T13:22:00,94.061,KEIKO SOFIA FUJIMORI HIGUCHI,8792919,49.973,FUERZA POPULAR
2026-06-08T13:28:00,2026-06-08T13:28:00,94.075,ROBERTO HELBERT SANCHEZ PALOMINO,8803745,50.029,JUNTOS POR EL PERÚ
2026-06-08T13:28:00,2026-06-08T13:28:00,94.075,KEIKO SOFIA FUJIMORI HIGUCHI,8793466,49.971,FUERZA POPULAR
2026-06-08T13:32:00,2026-06-08T13:32:00,94.102,ROBERTO HELBERT SANCHEZ PALOMINO,8805713,50.031,JUNTOS POR EL PERÚ
2026-06-08T13:32:00,2026-06-08T13:32:00,94.102,KEIKO SOFIA FUJIMORI HIGUCHI,8794685,49.969,FUERZA POPULAR
2026-06-08T13:38:00,2026-06-08T13:38:00,94.107,ROBERTO HELBERT SANCHEZ PALOMINO,8806141,50.032,JUNTOS POR EL PERÚ
2026-06-08T13:38:00,2026-06-08T13:38:00,94.107,KEIKO SOFIA FUJIMORI HIGUCHI,8794824,49.968,FUERZA POPULAR
2026-06-08T13:42:00,2026-06-08T13:42:00,94.113,ROBERTO HELBERT SANCHEZ PALOMINO,8806719,50.033,JUNTOS POR EL PERÚ
2026-06-08T13:42:00,2026-06-08T13:42:00,94.113,KEIKO SOFIA FUJIMORI HIGUCHI,8795045,49.967,FUERZA POPULAR
2026-06-08T13:48:00,2026-06-08T13:48:00,94.141,ROBERTO HELBERT SANCHEZ PALOMINO,8809309,50.037,JUNTOS POR EL PERÚ
2026-06-08T13:48:00,2026-06-08T13:48:00,94.141,KEIKO SOFIA FUJIMORI HIGUCHI,8796397,49.963,FUERZA POPULAR
2026-06-08T13:52:00,2026-06-08T13:52:00,94.182,ROBERTO HELBERT SANCHEZ PALOMINO,8813528,50.045,JUNTOS POR EL PERÚ
2026-06-08T13:52:00,2026-06-08T13:52:00,94.182,KEIKO SOFIA FUJIMORI HIGUCHI,8797824,49.955,FUERZA POPULAR
2026-06-08T13:58:00,2026-06-08T13:58:00,94.191,ROBERTO HELBERT SANCHEZ PALOMINO,8814072,50.045,JUNTOS POR EL PERÚ
2026-06-08T13:58:00,2026-06-08T13:58:00,94.191,KEIKO SOFIA FUJIMORI HIGUCHI,8798163,49.955,FUERZA POPULAR
2026-06-08T14:02:00,2026-06-08T14:02:00,94.208,ROBERTO HELBERT SANCHEZ PALOMINO,8814800,50.044,JUNTOS POR EL PERÚ
2026-06-08T14:02:00,2026-06-08T14:02:00,94.208,KEIKO SOFIA FUJIMORI HIGUCHI,8799290,49.956,FUERZA POPULAR
2026-06-08T14:06:00,2026-06-08T14:06:00,94.244,ROBERTO HELBERT SANCHEZ PALOMINO,8816996,50.043,JUNTOS POR EL PERÚ
2026-06-08T14:06:00,2026-06-08T14:06:00,94.244,KEIKO SOFIA FUJIMORI HIGUCHI,8801992,49.957,FUERZA POPULAR
2026-06-08T14:12:00,2026-06-08T14:12:00,94.272,ROBERTO HELBERT SANCHEZ PALOMINO,8818335,50.042,JUNTOS POR EL PERÚ
2026-06-08T14:12:00,2026-06-08T14:12:00,94.272,KEIKO SOFIA FUJIMORI HIGUCHI,8803542,49.958,FUERZA POPULAR
2026-06-08T14:18:00,2026-06-08T14:18:00,94.296,ROBERTO HELBERT SANCHEZ PALOMINO,8819278,50.041,JUNTOS POR EL PERÚ
2026-06-08T14:18:00,2026-06-08T14:18:00,94.296,KEIKO SOFIA FUJIMORI HIGUCHI,8804893,49.959,FUERZA POPULAR
2026-06-08T14:22:00,2026-06-08T14:22:00,94.307,ROBERTO HELBERT SANCHEZ PALOMINO,8819599,50.04,JUNTOS POR EL PERÚ
2026-06-08T14:22:00,2026-06-08T14:22:00,94.307,KEIKO SOFIA FUJIMORI HIGUCHI,8805648,49.96,FUERZA POPULAR
2026-06-08T14:28:00,2026-06-08T14:28:00,94.319,ROBERTO HELBERT SANCHEZ PALOMINO,8820362,50.04,JUNTOS POR EL PERÚ
2026-06-08T14:28:00,2026-06-08T14:28:00,94.319,KEIKO SOFIA FUJIMORI HIGUCHI,8806091,49.96,FUERZA POPULAR
2026-06-08T14:32:00,2026-06-08T14:32:00,94.343,ROBERTO HELBERT SANCHEZ PALOMINO,8822115,50.043,JUNTOS POR EL PERÚ
2026-06-08T14:32:00,2026-06-08T14:32:00,94.343,KEIKO SOFIA FUJIMORI HIGUCHI,8807092,49.957,FUERZA POPULAR
2026-06-08T14:36:00,2026-06-08T14:36:00,94.358,ROBERTO HELBERT SANCHEZ PALOMINO,8822523,50.041,JUNTOS POR EL PERÚ
2026-06-08T14:36:00,2026-06-08T14:36:00,94.358,KEIKO SOFIA FUJIMORI HIGUCHI,8808002,49.959,FUERZA POPULAR
2026-06-08T14:42:00,2026-06-08T14:42:00,94.371,ROBERTO HELBERT SANCHEZ PALOMINO,8823947,50.043,JUNTOS POR EL PERÚ
2026-06-08T14:42:00,2026-06-08T14:42:00,94.371,KEIKO SOFIA FUJIMORI HIGUCHI,8808754,49.957,FUERZA POPULAR
2026-06-08T14:48:00,2026-06-08T14:48:00,94.384,ROBERTO HELBERT SANCHEZ PALOMINO,8825325,50.045,JUNTOS POR EL PERÚ
2026-06-08T14:48:00,2026-06-08T14:48:00,94.384,KEIKO SOFIA FUJIMORI HIGUCHI,8809564,49.955,FUERZA POPULAR
2026-06-08T14:58:00,2026-06-08T14:58:00,94.392,ROBERTO HELBERT SANCHEZ PALOMINO,8826264,50.047,JUNTOS POR EL PERÚ
2026-06-08T14:58:00,2026-06-08T14:58:00,94.392,KEIKO SOFIA FUJIMORI HIGUCHI,8809665,49.953,FUERZA POPULAR
2026-06-08T15:02:00,2026-06-08T15:02:00,94.42,ROBERTO HELBERT SANCHEZ PALOMINO,8828268,50.045,JUNTOS POR EL PERÚ
2026-06-08T15:02:00,2026-06-08T15:02:00,94.42,KEIKO SOFIA FUJIMORI HIGUCHI,8812534,49.955,FUERZA POPULAR
2026-06-08T15:08:00,2026-06-08T15:08:00,94.425,ROBERTO HELBERT SANCHEZ PALOMINO,8828738,50.045,JUNTOS POR EL PERÚ
2026-06-08T15:08:00,2026-06-08T15:08:00,94.425,KEIKO SOFIA FUJIMORI HIGUCHI,8812767,49.955,FUERZA POPULAR
2026-06-08T15:12:00,2026-06-08T15:12:00,94.435,ROBERTO HELBERT SANCHEZ PALOMINO,8829459,50.046,JUNTOS POR EL PERÚ
2026-06-08T15:12:00,2026-06-08T15:12:00,94.435,KEIKO SOFIA FUJIMORI HIGUCHI,8813287,49.954,FUERZA POPULAR
2026-06-08T15:18:00,2026-06-08T15:18:00,94.472,ROBERTO HELBERT SANCHEZ PALOMINO,8831513,50.046,JUNTOS POR EL PERÚ
2026-06-08T15:18:00,2026-06-08T15:18:00,94.472,KEIKO SOFIA FUJIMORI HIGUCHI,8815169,49.954,FUERZA POPULAR
2026-06-08T15:22:00,2026-06-08T15:22:00,94.502,ROBERTO HELBERT SANCHEZ PALOMINO,8834301,50.051,JUNTOS POR EL PERÚ
2026-06-08T15:22:00,2026-06-08T15:22:00,94.502,KEIKO SOFIA FUJIMORI HIGUCHI,8816204,49.949,FUERZA POPULAR
2026-06-08T15:28:00,2026-06-08T15:28:00,94.511,ROBERTO HELBERT SANCHEZ PALOMINO,8835142,50.053,JUNTOS POR EL PERÚ
2026-06-08T15:28:00,2026-06-08T15:28:00,94.511,KEIKO SOFIA FUJIMORI HIGUCHI,8816415,49.947,FUERZA POPULAR
2026-06-08T15:32:00,2026-06-08T15:32:00,94.523,ROBERTO HELBERT SANCHEZ PALOMINO,8836066,50.055,JUNTOS POR EL PERÚ
2026-06-08T15:32:00,2026-06-08T15:32:00,94.523,KEIKO SOFIA FUJIMORI HIGUCHI,8816790,49.945,FUERZA POPULAR
2026-06-08T15:38:00,2026-06-08T15:38:00,94.552,ROBERTO HELBERT SANCHEZ PALOMINO,8838866,50.061,JUNTOS POR EL PERÚ
2026-06-08T15:38:00,2026-06-08T15:38:00,94.552,KEIKO SOFIA FUJIMORI HIGUCHI,8817359,49.939,FUERZA POPULAR
2026-06-08T15:42:00,2026-06-08T15:42:00,94.595,ROBERTO HELBERT SANCHEZ PALOMINO,8842039,50.065,JUNTOS POR EL PERÚ
2026-06-08T15:42:00,2026-06-08T15:42:00,94.595,KEIKO SOFIA FUJIMORI HIGUCHI,8819091,49.935,FUERZA POPULAR
2026-06-08T15:48:00,2026-06-08T15:48:00,94.599,ROBERTO HELBERT SANCHEZ PALOMINO,8842257,50.065,JUNTOS POR EL PERÚ
2026-06-08T15:48:00,2026-06-08T15:48:00,94.599,KEIKO SOFIA FUJIMORI HIGUCHI,8819269,49.935,FUERZA POPULAR
2026-06-08T15:52:00,2026-06-08T15:52:00,94.615,ROBERTO HELBERT SANCHEZ PALOMINO,8843989,50.068,JUNTOS POR EL PERÚ
2026-06-08T15:52:00,2026-06-08T15:52:00,94.615,KEIKO SOFIA FUJIMORI HIGUCHI,8819930,49.932,FUERZA POPULAR
2026-06-08T15:58:00,2026-06-08T15:58:00,94.645,ROBERTO HELBERT SANCHEZ PALOMINO,8846451,50.073,JUNTOS POR EL PERÚ
2026-06-08T15:58:00,2026-06-08T15:58:00,94.645,KEIKO SOFIA FUJIMORI HIGUCHI,8820754,49.927,FUERZA POPULAR
2026-06-08T16:02:00,2026-06-08T16:02:00,94.66,ROBERTO HELBERT SANCHEZ PALOMINO,8847901,50.075,JUNTOS POR EL PERÚ
2026-06-08T16:02:00,2026-06-08T16:02:00,94.66,KEIKO SOFIA FUJIMORI HIGUCHI,8821391,49.925,FUERZA POPULAR
2026-06-08T16:06:00,2026-06-08T16:06:00,94.67,ROBERTO HELBERT SANCHEZ PALOMINO,8848799,50.076,JUNTOS POR EL PERÚ
2026-06-08T16:06:00,2026-06-08T16:06:00,94.67,KEIKO SOFIA FUJIMORI HIGUCHI,8821929,49.924,FUERZA POPULAR
2026-06-08T16:12:00,2026-06-08T16:12:00,94.681,ROBERTO HELBERT SANCHEZ PALOMINO,8849520,50.076,JUNTOS POR EL PERÚ
2026-06-08T16:12:00,2026-06-08T16:12:00,94.681,KEIKO SOFIA FUJIMORI HIGUCHI,8822513,49.924,FUERZA POPULAR
2026-06-08T16:16:00,2026-06-08T16:16:00,94.697,ROBERTO HELBERT SANCHEZ PALOMINO,8850456,50.077,JUNTOS POR EL PERÚ
2026-06-08T16:16:00,2026-06-08T16:16:00,94.697,KEIKO SOFIA FUJIMORI HIGUCHI,8823305,49.923,FUERZA POPULAR
2026-06-08T16:22:00,2026-06-08T16:22:00,94.709,ROBERTO HELBERT SANCHEZ PALOMINO,8851185,50.078,JUNTOS POR EL PERÚ
2026-06-08T16:22:00,2026-06-08T16:22:00,94.709,KEIKO SOFIA FUJIMORI HIGUCHI,8823733,49.922,FUERZA POPULAR
2026-06-08T16:26:00,2026-06-08T16:26:00,94.714,ROBERTO HELBERT SANCHEZ PALOMINO,8851468,50.078,JUNTOS POR EL PERÚ
2026-06-08T16:26:00,2026-06-08T16:26:00,94.714,KEIKO SOFIA FUJIMORI HIGUCHI,8823951,49.922,FUERZA POPULAR
2026-06-08T16:32:00,2026-06-08T16:32:00,94.717,ROBERTO HELBERT SANCHEZ PALOMINO,8851941,50.079,JUNTOS POR EL PERÚ
2026-06-08T16:32:00,2026-06-08T16:32:00,94.717,KEIKO SOFIA FUJIMORI HIGUCHI,8824034,49.921,FUERZA POPULAR
2026-06-08T16:38:00,2026-06-08T16:38:00,94.729,ROBERTO HELBERT SANCHEZ PALOMINO,8853317,50.082,JUNTOS POR EL PERÚ
2026-06-08T16:38:00,2026-06-08T16:38:00,94.729,KEIKO SOFIA FUJIMORI HIGUCHI,8824170,49.918,FUERZA POPULAR
2026-06-08T16:42:00,2026-06-08T16:42:00,94.739,ROBERTO HELBERT SANCHEZ PALOMINO,8854712,50.085,JUNTOS POR EL PERÚ
2026-06-08T16:42:00,2026-06-08T16:42:00,94.739,KEIKO SOFIA FUJIMORI HIGUCHI,8824556,49.915,FUERZA POPULAR
2026-06-08T16:48:00,2026-06-08T16:48:00,94.741,ROBERTO HELBERT SANCHEZ PALOMINO,8854867,50.086,JUNTOS POR EL PERÚ
2026-06-08T16:48:00,2026-06-08T16:48:00,94.741,KEIKO SOFIA FUJIMORI HIGUCHI,8824568,49.914,FUERZA POPULAR
2026-06-08T16:52:00,2026-06-08T16:52:00,94.78,ROBERTO HELBERT SANCHEZ PALOMINO,8854867,50.086,JUNTOS POR EL PERÚ
2026-06-08T16:52:00,2026-06-08T16:52:00,94.78,KEIKO SOFIA FUJIMORI HIGUCHI,8824568,49.914,FUERZA POPULAR
2026-06-08T16:58:00,2026-06-08T16:58:00,94.781,ROBERTO HELBERT SANCHEZ PALOMINO,8855008,50.086,JUNTOS POR EL PERÚ
2026-06-08T16:58:00,2026-06-08T16:58:00,94.781,KEIKO SOFIA FUJIMORI HIGUCHI,8824569,49.914,FUERZA POPULAR
2026-06-08T17:08:00,2026-06-08T17:08:00,94.783,ROBERTO HELBERT SANCHEZ PALOMINO,8855077,50.086,JUNTOS POR EL PERÚ
2026-06-08T17:08:00,2026-06-08T17:08:00,94.783,KEIKO SOFIA FUJIMORI HIGUCHI,8824577,49.914,FUERZA POPULAR
2026-06-08T17:12:00,2026-06-08T17:12:00,94.785,ROBERTO HELBERT SANCHEZ PALOMINO,8855221,50.087,JUNTOS POR EL PERÚ
2026-06-08T17:12:00,2026-06-08T17:12:00,94.785,KEIKO SOFIA FUJIMORI HIGUCHI,8824609,49.913,FUERZA POPULAR
2026-06-08T17:18:00,2026-06-08T17:18:00,94.786,ROBERTO HELBERT SANCHEZ PALOMINO,8855273,50.087,JUNTOS POR EL PERÚ
2026-06-08T17:18:00,2026-06-08T17:18:00,94.786,KEIKO SOFIA FUJIMORI HIGUCHI,8824611,49.913,FUERZA POPULAR
2026-06-08T17:22:00,2026-06-08T17:22:00,94.811,ROBERTO HELBERT SANCHEZ PALOMINO,8857183,50.092,JUNTOS POR EL PERÚ
2026-06-08T17:22:00,2026-06-08T17:22:00,94.811,KEIKO SOFIA FUJIMORI HIGUCHI,8824728,49.908,FUERZA POPULAR
2026-06-08T17:28:00,2026-06-08T17:28:00,94.82,ROBERTO HELBERT SANCHEZ PALOMINO,8858038,50.094,JUNTOS POR EL PERÚ
2026-06-08T17:28:00,2026-06-08T17:28:00,94.82,KEIKO SOFIA FUJIMORI HIGUCHI,8824892,49.906,FUERZA POPULAR
2026-06-08T17:32:00,2026-06-08T17:32:00,94.827,ROBERTO HELBERT SANCHEZ PALOMINO,8858465,50.094,JUNTOS POR EL PERÚ
2026-06-08T17:32:00,2026-06-08T17:32:00,94.827,KEIKO SOFIA FUJIMORI HIGUCHI,8825073,49.906,FUERZA POPULAR
2026-06-08T17:36:00,2026-06-08T17:36:00,94.838,ROBERTO HELBERT SANCHEZ PALOMINO,8859667,50.097,JUNTOS POR EL PERÚ
2026-06-08T17:36:00,2026-06-08T17:36:00,94.838,KEIKO SOFIA FUJIMORI HIGUCHI,8825437,49.903,FUERZA POPULAR
2026-06-08T17:42:00,2026-06-08T17:42:00,94.844,ROBERTO HELBERT SANCHEZ PALOMINO,8860379,50.099,JUNTOS POR EL PERÚ
2026-06-08T17:42:00,2026-06-08T17:42:00,94.844,KEIKO SOFIA FUJIMORI HIGUCHI,8825481,49.901,FUERZA POPULAR
2026-06-08T17:48:00,2026-06-08T17:48:00,94.846,ROBERTO HELBERT SANCHEZ PALOMINO,8860584,50.099,JUNTOS POR EL PERÚ
2026-06-08T17:48:00,2026-06-08T17:48:00,94.846,KEIKO SOFIA FUJIMORI HIGUCHI,8825508,49.901,FUERZA POPULAR
2026-06-08T17:52:00,2026-06-08T17:52:00,94.847,ROBERTO HELBERT SANCHEZ PALOMINO,8860682,50.099,JUNTOS POR EL PERÚ
2026-06-08T17:52:00,2026-06-08T17:52:00,94.847,KEIKO SOFIA FUJIMORI HIGUCHI,8825533,49.901,FUERZA POPULAR
2026-06-08T17:56:00,2026-06-08T17:56:00,94.859,ROBERTO HELBERT SANCHEZ PALOMINO,8861247,50.099,JUNTOS POR EL PERÚ
2026-06-08T17:56:00,2026-06-08T17:56:00,94.859,KEIKO SOFIA FUJIMORI HIGUCHI,8826104,49.901,FUERZA POPULAR
2026-06-08T18:00:25,2026-06-08T18:00:25,94.866,ROBERTO HELBERT SANCHEZ PALOMINO,8861490,50.099,JUNTOS POR EL PERÚ
2026-06-08T18:00:25,2026-06-08T18:00:25,94.866,KEIKO SOFIA FUJIMORI HIGUCHI,8826616,49.901,FUERZA POPULAR
2026-06-08T18:06:00,2026-06-08T18:06:00,94.871,ROBERTO HELBERT SANCHEZ PALOMINO,8861996,50.1,JUNTOS POR EL PERÚ
2026-06-08T18:06:00,2026-06-08T18:06:00,94.871,KEIKO SOFIA FUJIMORI HIGUCHI,8826630,49.9,FUERZA POPULAR
2026-06-08T18:10:18,2026-06-08T18:10:18,94.873,ROBERTO HELBERT SANCHEZ PALOMINO,8862201,50.101,JUNTOS POR EL PERÚ
2026-06-08T18:10:18,2026-06-08T18:10:18,94.873,KEIKO SOFIA FUJIMORI HIGUCHI,8826639,49.899,FUERZA POPULAR
2026-06-08T18:18:00,2026-06-08T18:18:00,94.886,ROBERTO HELBERT SANCHEZ PALOMINO,8862874,50.1,JUNTOS POR EL PERÚ
2026-06-08T18:18:00,2026-06-08T18:18:00,94.886,KEIKO SOFIA FUJIMORI HIGUCHI,8827318,49.9,FUERZA POPULAR
2026-06-08T18:22:00,2026-06-08T18:22:00,94.905,ROBERTO HELBERT SANCHEZ PALOMINO,8863825,50.101,JUNTOS POR EL PERÚ
2026-06-08T18:22:00,2026-06-08T18:22:00,94.905,KEIKO SOFIA FUJIMORI HIGUCHI,8828096,49.899,FUERZA POPULAR
2026-06-08T18:26:00,2026-06-08T18:26:00,94.927,ROBERTO HELBERT SANCHEZ PALOMINO,8864748,50.101,JUNTOS POR EL PERÚ
2026-06-08T18:26:00,2026-06-08T18:26:00,94.927,KEIKO SOFIA FUJIMORI HIGUCHI,8828977,49.899,FUERZA POPULAR
2026-06-08T18:32:00,2026-06-08T18:32:00,94.932,ROBERTO HELBERT SANCHEZ PALOMINO,8864997,50.101,JUNTOS POR EL PERÚ
2026-06-08T18:32:00,2026-06-08T18:32:00,94.932,KEIKO SOFIA FUJIMORI HIGUCHI,8829208,49.899,FUERZA POPULAR
2026-06-08T18:36:00,2026-06-08T18:36:00,94.935,ROBERTO HELBERT SANCHEZ PALOMINO,8865215,50.102,JUNTOS POR EL PERÚ
2026-06-08T18:36:00,2026-06-08T18:36:00,94.935,KEIKO SOFIA FUJIMORI HIGUCHI,8829215,49.898,FUERZA POPULAR
2026-06-08T18:58:00,2026-06-08T18:58:00,94.936,ROBERTO HELBERT SANCHEZ PALOMINO,8865328,50.102,JUNTOS POR EL PERÚ
2026-06-08T18:58:00,2026-06-08T18:58:00,94.936,KEIKO SOFIA FUJIMORI HIGUCHI,8829292,49.898,FUERZA POPULAR
2026-06-08T19:02:00,2026-06-08T19:02:00,94.937,ROBERTO HELBERT SANCHEZ PALOMINO,8865445,50.102,JUNTOS POR EL PERÚ
2026-06-08T19:02:00,2026-06-08T19:02:00,94.937,KEIKO SOFIA FUJIMORI HIGUCHI,8829350,49.898,FUERZA POPULAR
2026-06-08T19:08:00,2026-06-08T19:08:00,94.948,ROBERTO HELBERT SANCHEZ PALOMINO,8866152,50.102,JUNTOS POR EL PERÚ
2026-06-08T19:08:00,2026-06-08T19:08:00,94.948,KEIKO SOFIA FUJIMORI HIGUCHI,8829878,49.898,FUERZA POPULAR
2026-06-08T19:12:00,2026-06-08T19:12:00,94.952,ROBERTO HELBERT SANCHEZ PALOMINO,8866493,50.103,JUNTOS POR EL PERÚ
2026-06-08T19:12:00,2026-06-08T19:12:00,94.952,KEIKO SOFIA FUJIMORI HIGUCHI,8830184,49.897,FUERZA POPULAR
2026-06-08T19:18:00,2026-06-08T19:18:00,94.976,ROBERTO HELBERT SANCHEZ PALOMINO,8868716,50.105,JUNTOS POR EL PERÚ
2026-06-08T19:18:00,2026-06-08T19:18:00,94.976,KEIKO SOFIA FUJIMORI HIGUCHI,8831682,49.895,FUERZA POPULAR
2026-06-08T19:22:00,2026-06-08T19:22:00,94.981,ROBERTO HELBERT SANCHEZ PALOMINO,8869236,50.105,JUNTOS POR EL PERÚ
2026-06-08T19:22:00,2026-06-08T19:22:00,94.981,KEIKO SOFIA FUJIMORI HIGUCHI,8832071,49.895,FUERZA POPULAR
2026-06-08T19:26:00,2026-06-08T19:26:00,94.987,ROBERTO HELBERT SANCHEZ PALOMINO,8869772,50.106,JUNTOS POR EL PERÚ
2026-06-08T19:26:00,2026-06-08T19:26:00,94.987,KEIKO SOFIA FUJIMORI HIGUCHI,8832157,49.894,FUERZA POPULAR
2026-06-08T19:32:00,2026-06-08T19:32:00,94.995,ROBERTO HELBERT SANCHEZ PALOMINO,8870522,50.108,JUNTOS POR EL PERÚ
2026-06-08T19:32:00,2026-06-08T19:32:00,94.995,KEIKO SOFIA FUJIMORI HIGUCHI,8832310,49.892,FUERZA POPULAR
2026-06-08T19:36:00,2026-06-08T19:36:00,94.999,ROBERTO HELBERT SANCHEZ PALOMINO,8870794,50.109,JUNTOS POR EL PERÚ
2026-06-08T19:36:00,2026-06-08T19:36:00,94.999,KEIKO SOFIA FUJIMORI HIGUCHI,8832339,49.891,FUERZA POPULAR
2026-06-08T19:42:00,2026-06-08T19:42:00,95.002,ROBERTO HELBERT SANCHEZ PALOMINO,8871102,50.109,JUNTOS POR EL PERÚ
2026-06-08T19:42:00,2026-06-08T19:42:00,95.002,KEIKO SOFIA FUJIMORI HIGUCHI,8832450,49.891,FUERZA POPULAR
2026-06-08T19:46:00,2026-06-08T19:46:00,95.024,ROBERTO HELBERT SANCHEZ PALOMINO,8872770,50.113,JUNTOS POR EL PERÚ
2026-06-08T19:46:00,2026-06-08T19:46:00,95.024,KEIKO SOFIA FUJIMORI HIGUCHI,8832595,49.887,FUERZA POPULAR
2026-06-08T19:50:19,2026-06-08T19:50:19,95.037,ROBERTO HELBERT SANCHEZ PALOMINO,8873964,50.117,JUNTOS POR EL PERÚ
2026-06-08T19:50:19,2026-06-08T19:50:19,95.037,KEIKO SOFIA FUJIMORI HIGUCHI,8832661,49.883,FUERZA POPULAR
2026-06-08T19:58:00,2026-06-08T19:58:00,95.041,ROBERTO HELBERT SANCHEZ PALOMINO,8874568,50.118,JUNTOS POR EL PERÚ
2026-06-08T19:58:00,2026-06-08T19:58:00,95.041,KEIKO SOFIA FUJIMORI HIGUCHI,8832748,49.882,FUERZA POPULAR
2026-06-08T20:02:00,2026-06-08T20:02:00,95.043,ROBERTO HELBERT SANCHEZ PALOMINO,8874898,50.119,JUNTOS POR EL PERÚ
2026-06-08T20:02:00,2026-06-08T20:02:00,95.043,KEIKO SOFIA FUJIMORI HIGUCHI,8832786,49.881,FUERZA POPULAR
2026-06-08T20:08:00,2026-06-08T20:08:00,95.045,ROBERTO HELBERT SANCHEZ PALOMINO,8875014,50.119,JUNTOS POR EL PERÚ
2026-06-08T20:08:00,2026-06-08T20:08:00,95.045,KEIKO SOFIA FUJIMORI HIGUCHI,8832914,49.881,FUERZA POPULAR
2026-06-08T20:12:00,2026-06-08T20:12:00,95.049,ROBERTO HELBERT SANCHEZ PALOMINO,8875353,50.119,JUNTOS POR EL PERÚ
2026-06-08T20:12:00,2026-06-08T20:12:00,95.049,KEIKO SOFIA FUJIMORI HIGUCHI,8833248,49.881,FUERZA POPULAR
2026-06-08T20:28:00,2026-06-08T20:28:00,95.051,ROBERTO HELBERT SANCHEZ PALOMINO,8875584,50.12,JUNTOS POR EL PERÚ
2026-06-08T20:28:00,2026-06-08T20:28:00,95.051,KEIKO SOFIA FUJIMORI HIGUCHI,8833250,49.88,FUERZA POPULAR
2026-06-08T20:32:00,2026-06-08T20:32:00,95.055,ROBERTO HELBERT SANCHEZ PALOMINO,8875989,50.12,JUNTOS POR EL PERÚ
2026-06-08T20:32:00,2026-06-08T20:32:00,95.055,KEIKO SOFIA FUJIMORI HIGUCHI,8833319,49.88,FUERZA POPULAR
2026-06-08T20:38:00,2026-06-08T20:38:00,95.064,ROBERTO HELBERT SANCHEZ PALOMINO,8876255,50.121,JUNTOS POR EL PERÚ
2026-06-08T20:38:00,2026-06-08T20:38:00,95.064,KEIKO SOFIA FUJIMORI HIGUCHI,8833360,49.879,FUERZA POPULAR
2026-06-08T20:42:00,2026-06-08T20:42:00,95.084,ROBERTO HELBERT SANCHEZ PALOMINO,8878371,50.126,JUNTOS POR EL PERÚ
2026-06-08T20:42:00,2026-06-08T20:42:00,95.084,KEIKO SOFIA FUJIMORI HIGUCHI,8833849,49.874,FUERZA POPULAR
2026-06-08T20:46:00,2026-06-08T20:46:00,95.12,ROBERTO HELBERT SANCHEZ PALOMINO,8879945,50.123,JUNTOS POR EL PERÚ
2026-06-08T20:46:00,2026-06-08T20:46:00,95.12,KEIKO SOFIA FUJIMORI HIGUCHI,8836470,49.877,FUERZA POPULAR
2026-06-08T20:52:00,2026-06-08T20:52:00,95.121,ROBERTO HELBERT SANCHEZ PALOMINO,8880097,50.123,JUNTOS POR EL PERÚ
2026-06-08T20:52:00,2026-06-08T20:52:00,95.121,KEIKO SOFIA FUJIMORI HIGUCHI,8836471,49.877,FUERZA POPULAR
2026-06-08T21:02:00,2026-06-08T21:02:00,95.125,ROBERTO HELBERT SANCHEZ PALOMINO,8880296,50.122,JUNTOS POR EL PERÚ
2026-06-08T21:02:00,2026-06-08T21:02:00,95.125,KEIKO SOFIA FUJIMORI HIGUCHI,8836914,49.878,FUERZA POPULAR
2026-06-08T21:08:00,2026-06-08T21:08:00,95.142,ROBERTO HELBERT SANCHEZ PALOMINO,8880924,50.121,JUNTOS POR EL PERÚ
2026-06-08T21:08:00,2026-06-08T21:08:00,95.142,KEIKO SOFIA FUJIMORI HIGUCHI,8838213,49.879,FUERZA POPULAR
2026-06-08T21:26:00,2026-06-08T21:26:00,95.162,ROBERTO HELBERT SANCHEZ PALOMINO,8881706,50.118,JUNTOS POR EL PERÚ
2026-06-08T21:26:00,2026-06-08T21:26:00,95.162,KEIKO SOFIA FUJIMORI HIGUCHI,8840022,49.882,FUERZA POPULAR
2026-06-08T21:40:26,2026-06-08T21:40:26,95.163,ROBERTO HELBERT SANCHEZ PALOMINO,8881791,50.118,JUNTOS POR EL PERÚ
2026-06-08T21:40:26,2026-06-08T21:40:26,95.163,KEIKO SOFIA FUJIMORI HIGUCHI,8840082,49.882,FUERZA POPULAR
2026-06-08T21:52:00,2026-06-08T21:52:00,95.171,ROBERTO HELBERT SANCHEZ PALOMINO,8882105,50.117,JUNTOS POR EL PERÚ
2026-06-08T21:52:00,2026-06-08T21:52:00,95.171,KEIKO SOFIA FUJIMORI HIGUCHI,8840750,49.883,FUERZA POPULAR
2026-06-08T22:16:00,2026-06-08T22:16:00,95.209,ROBERTO HELBERT SANCHEZ PALOMINO,8883515,50.115,JUNTOS POR EL PERÚ
2026-06-08T22:16:00,2026-06-08T22:16:00,95.209,KEIKO SOFIA FUJIMORI HIGUCHI,8842712,49.885,FUERZA POPULAR
2026-06-08T22:28:00,2026-06-08T22:28:00,95.216,ROBERTO HELBERT SANCHEZ PALOMINO,8883902,50.116,JUNTOS POR EL PERÚ
2026-06-08T22:28:00,2026-06-08T22:28:00,95.216,KEIKO SOFIA FUJIMORI HIGUCHI,8842887,49.884,FUERZA POPULAR
2026-06-08T22:38:00,2026-06-08T22:38:00,95.22,ROBERTO HELBERT SANCHEZ PALOMINO,8884280,50.116,JUNTOS POR EL PERÚ
2026-06-08T22:38:00,2026-06-08T22:38:00,95.22,KEIKO SOFIA FUJIMORI HIGUCHI,8842993,49.884,FUERZA POPULAR
2026-06-08T22:42:00,2026-06-08T22:42:00,95.235,ROBERTO HELBERT SANCHEZ PALOMINO,8885126,50.117,JUNTOS POR EL PERÚ
2026-06-08T22:42:00,2026-06-08T22:42:00,95.235,KEIKO SOFIA FUJIMORI HIGUCHI,8843781,49.883,FUERZA POPULAR
2026-06-08T22:56:00,2026-06-08T22:56:00,95.266,ROBERTO HELBERT SANCHEZ PALOMINO,8886505,50.115,JUNTOS POR EL PERÚ
2026-06-08T22:56:00,2026-06-08T22:56:00,95.266,KEIKO SOFIA FUJIMORI HIGUCHI,8845833,49.885,FUERZA POPULAR
2026-06-08T23:12:00,2026-06-08T23:12:00,95.268,ROBERTO HELBERT SANCHEZ PALOMINO,8886593,50.114,JUNTOS POR EL PERÚ
2026-06-08T23:12:00,2026-06-08T23:12:00,95.268,KEIKO SOFIA FUJIMORI HIGUCHI,8846008,49.886,FUERZA POPULAR
2026-06-08T23:18:00,2026-06-08T23:18:00,95.269,ROBERTO HELBERT SANCHEZ PALOMINO,8886627,50.114,JUNTOS POR EL PERÚ
2026-06-08T23:18:00,2026-06-08T23:18:00,95.269,KEIKO SOFIA FUJIMORI HIGUCHI,8846042,49.886,FUERZA POPULAR
2026-06-08T23:32:00,2026-06-08T23:32:00,95.29,ROBERTO HELBERT SANCHEZ PALOMINO,8887254,50.114,JUNTOS POR EL PERÚ
2026-06-08T23:32:00,2026-06-08T23:32:00,95.29,KEIKO SOFIA FUJIMORI HIGUCHI,8846823,49.886,FUERZA POPULAR
2026-06-08T23:36:00,2026-06-08T23:36:00,95.331,ROBERTO HELBERT SANCHEZ PALOMINO,8890284,50.112,JUNTOS POR EL PERÚ
2026-06-08T23:36:00,2026-06-08T23:36:00,95.331,KEIKO SOFIA FUJIMORI HIGUCHI,8850639,49.888,FUERZA POPULAR
2026-06-08T23:40:25,2026-06-08T23:40:25,95.338,ROBERTO HELBERT SANCHEZ PALOMINO,8890593,50.111,JUNTOS POR EL PERÚ
2026-06-08T23:40:25,2026-06-08T23:40:25,95.338,KEIKO SOFIA FUJIMORI HIGUCHI,8851075,49.889,FUERZA POPULAR
2026-06-08T23:46:00,2026-06-08T23:46:00,95.341,ROBERTO HELBERT SANCHEZ PALOMINO,8890812,50.112,JUNTOS POR EL PERÚ
2026-06-08T23:46:00,2026-06-08T23:46:00,95.341,KEIKO SOFIA FUJIMORI HIGUCHI,8851128,49.888,FUERZA POPULAR
2026-06-08T23:52:00,2026-06-08T23:52:00,95.343,ROBERTO HELBERT SANCHEZ PALOMINO,8890977,50.112,JUNTOS POR EL PERÚ
2026-06-08T23:52:00,2026-06-08T23:52:00,95.343,KEIKO SOFIA FUJIMORI HIGUCHI,8851161,49.888,FUERZA POPULAR
2026-06-08T23:58:00,2026-06-08T23:58:00,95.349,ROBERTO HELBERT SANCHEZ PALOMINO,8891179,50.112,JUNTOS POR EL PERÚ
2026-06-08T23:58:00,2026-06-08T23:58:00,95.349,KEIKO SOFIA FUJIMORI HIGUCHI,8851453,49.888,FUERZA POPULAR
2026-06-09T00:02:00,2026-06-09T00:02:00,95.352,ROBERTO HELBERT SANCHEZ PALOMINO,8891466,50.112,JUNTOS POR EL PERÚ
2026-06-09T00:02:00,2026-06-09T00:02:00,95.352,KEIKO SOFIA FUJIMORI HIGUCHI,8851632,49.888,FUERZA POPULAR
2026-06-09T01:02:00,2026-06-09T01:02:00,95.365,ROBERTO HELBERT SANCHEZ PALOMINO,8891822,50.111,JUNTOS POR EL PERÚ
2026-06-09T01:02:00,2026-06-09T01:02:00,95.365,KEIKO SOFIA FUJIMORI HIGUCHI,8852523,49.889,FUERZA POPULAR
2026-06-09T01:08:00,2026-06-09T01:08:00,95.367,ROBERTO HELBERT SANCHEZ PALOMINO,8891868,50.111,JUNTOS POR EL PERÚ
2026-06-09T01:08:00,2026-06-09T01:08:00,95.367,KEIKO SOFIA FUJIMORI HIGUCHI,8852637,49.889,FUERZA POPULAR
2026-06-09T01:12:00,2026-06-09T01:12:00,95.379,ROBERTO HELBERT SANCHEZ PALOMINO,8891957,50.109,JUNTOS POR EL PERÚ
2026-06-09T01:12:00,2026-06-09T01:12:00,95.379,KEIKO SOFIA FUJIMORI HIGUCHI,8853242,49.891,FUERZA POPULAR
2026-06-09T01:18:00,2026-06-09T01:18:00,95.382,ROBERTO HELBERT SANCHEZ PALOMINO,8891984,50.109,JUNTOS POR EL PERÚ
2026-06-09T01:18:00,2026-06-09T01:18:00,95.382,KEIKO SOFIA FUJIMORI HIGUCHI,8853404,49.891,FUERZA POPULAR
2026-06-09T01:22:00,2026-06-09T01:22:00,95.383,ROBERTO HELBERT SANCHEZ PALOMINO,8891998,50.109,JUNTOS POR EL PERÚ
2026-06-09T01:22:00,2026-06-09T01:22:00,95.383,KEIKO SOFIA FUJIMORI HIGUCHI,8853444,49.891,FUERZA POPULAR
2026-06-09T01:28:00,2026-06-09T01:28:00,95.389,ROBERTO HELBERT SANCHEZ PALOMINO,8892110,50.107,JUNTOS POR EL PERÚ
2026-06-09T01:28:00,2026-06-09T01:28:00,95.389,KEIKO SOFIA FUJIMORI HIGUCHI,8853967,49.893,FUERZA POPULAR
2026-06-09T01:32:00,2026-06-09T01:32:00,95.393,ROBERTO HELBERT SANCHEZ PALOMINO,8892147,50.107,JUNTOS POR EL PERÚ
2026-06-09T01:32:00,2026-06-09T01:32:00,95.393,KEIKO SOFIA FUJIMORI HIGUCHI,8854254,49.893,FUERZA POPULAR
2026-06-09T01:38:00,2026-06-09T01:38:00,95.408,ROBERTO HELBERT SANCHEZ PALOMINO,8892296,50.104,JUNTOS POR EL PERÚ
2026-06-09T01:38:00,2026-06-09T01:38:00,95.408,KEIKO SOFIA FUJIMORI HIGUCHI,8855410,49.896,FUERZA POPULAR
2026-06-09T01:42:00,2026-06-09T01:42:00,95.432,ROBERTO HELBERT SANCHEZ PALOMINO,8892515,50.099,JUNTOS POR EL PERÚ
2026-06-09T01:42:00,2026-06-09T01:42:00,95.432,KEIKO SOFIA FUJIMORI HIGUCHI,8857307,49.901,FUERZA POPULAR
2026-06-09T01:48:00,2026-06-09T01:48:00,95.453,ROBERTO HELBERT SANCHEZ PALOMINO,8892725,50.095,JUNTOS POR EL PERÚ
2026-06-09T01:48:00,2026-06-09T01:48:00,95.453,KEIKO SOFIA FUJIMORI HIGUCHI,8858990,49.905,FUERZA POPULAR
2026-06-09T01:52:00,2026-06-09T01:52:00,95.47,ROBERTO HELBERT SANCHEZ PALOMINO,8892928,50.092,JUNTOS POR EL PERÚ
2026-06-09T01:52:00,2026-06-09T01:52:00,95.47,KEIKO SOFIA FUJIMORI HIGUCHI,8860376,49.908,FUERZA POPULAR
2026-06-09T01:56:00,2026-06-09T01:56:00,95.503,ROBERTO HELBERT SANCHEZ PALOMINO,8893953,50.087,JUNTOS POR EL PERÚ
2026-06-09T01:56:00,2026-06-09T01:56:00,95.503,KEIKO SOFIA FUJIMORI HIGUCHI,8862927,49.913,FUERZA POPULAR
2026-06-09T02:02:00,2026-06-09T02:02:00,95.557,ROBERTO HELBERT SANCHEZ PALOMINO,8896166,50.079,JUNTOS POR EL PERÚ
2026-06-09T02:02:00,2026-06-09T02:02:00,95.557,KEIKO SOFIA FUJIMORI HIGUCHI,8868047,49.921,FUERZA POPULAR
2026-06-09T02:08:00,2026-06-09T02:08:00,95.56,ROBERTO HELBERT SANCHEZ PALOMINO,8896232,50.079,JUNTOS POR EL PERÚ
2026-06-09T02:08:00,2026-06-09T02:08:00,95.56,KEIKO SOFIA FUJIMORI HIGUCHI,8868328,49.921,FUERZA POPULAR
2026-06-09T02:12:00,2026-06-09T02:12:00,95.565,ROBERTO HELBERT SANCHEZ PALOMINO,8896274,50.078,JUNTOS POR EL PERÚ
2026-06-09T02:12:00,2026-06-09T02:12:00,95.565,KEIKO SOFIA FUJIMORI HIGUCHI,8868675,49.922,FUERZA POPULAR
2026-06-09T02:18:00,2026-06-09T02:18:00,95.566,ROBERTO HELBERT SANCHEZ PALOMINO,8896284,50.078,JUNTOS POR EL PERÚ
2026-06-09T02:18:00,2026-06-09T02:18:00,95.566,KEIKO SOFIA FUJIMORI HIGUCHI,8868744,49.922,FUERZA POPULAR
2026-06-09T02:22:00,2026-06-09T02:22:00,95.579,ROBERTO HELBERT SANCHEZ PALOMINO,8897555,50.08,JUNTOS POR EL PERÚ
2026-06-09T02:22:00,2026-06-09T02:22:00,95.579,KEIKO SOFIA FUJIMORI HIGUCHI,8869068,49.92,FUERZA POPULAR
2026-06-09T02:28:00,2026-06-09T02:28:00,95.584,ROBERTO HELBERT SANCHEZ PALOMINO,8897961,50.081,JUNTOS POR EL PERÚ
2026-06-09T02:28:00,2026-06-09T02:28:00,95.584,KEIKO SOFIA FUJIMORI HIGUCHI,8869143,49.919,FUERZA POPULAR
2026-06-09T02:46:00,2026-06-09T02:46:00,95.594,ROBERTO HELBERT SANCHEZ PALOMINO,8898698,50.083,JUNTOS POR EL PERÚ
2026-06-09T02:46:00,2026-06-09T02:46:00,95.594,KEIKO SOFIA FUJIMORI HIGUCHI,8869315,49.917,FUERZA POPULAR
2026-06-09T02:52:00,2026-06-09T02:52:00,95.602,ROBERTO HELBERT SANCHEZ PALOMINO,8899206,50.084,JUNTOS POR EL PERÚ
2026-06-09T02:52:00,2026-06-09T02:52:00,95.602,KEIKO SOFIA FUJIMORI HIGUCHI,8869422,49.916,FUERZA POPULAR
2026-06-09T02:55:25,2026-06-09T02:55:25,95.603,ROBERTO HELBERT SANCHEZ PALOMINO,8899257,50.084,JUNTOS POR EL PERÚ
2026-06-09T02:55:25,2026-06-09T02:55:25,95.603,KEIKO SOFIA FUJIMORI HIGUCHI,8869481,49.916,FUERZA POPULAR
2026-06-09T03:16:00,2026-06-09T03:16:00,95.606,ROBERTO HELBERT SANCHEZ PALOMINO,8899278,50.083,JUNTOS POR EL PERÚ
2026-06-09T03:16:00,2026-06-09T03:16:00,95.606,KEIKO SOFIA FUJIMORI HIGUCHI,8869728,49.917,FUERZA POPULAR
2026-06-09T03:36:00,2026-06-09T03:36:00,95.614,ROBERTO HELBERT SANCHEZ PALOMINO,8899427,50.082,JUNTOS POR EL PERÚ
2026-06-09T03:36:00,2026-06-09T03:36:00,95.614,KEIKO SOFIA FUJIMORI HIGUCHI,8870175,49.918,FUERZA POPULAR
2026-06-09T03:42:00,2026-06-09T03:42:00,95.636,ROBERTO HELBERT SANCHEZ PALOMINO,8900023,50.08,JUNTOS POR EL PERÚ
2026-06-09T03:42:00,2026-06-09T03:42:00,95.636,KEIKO SOFIA FUJIMORI HIGUCHI,8871507,49.92,FUERZA POPULAR
2026-06-09T03:48:00,2026-06-09T03:48:00,95.662,ROBERTO HELBERT SANCHEZ PALOMINO,8900610,50.077,JUNTOS POR EL PERÚ
2026-06-09T03:48:00,2026-06-09T03:48:00,95.662,KEIKO SOFIA FUJIMORI HIGUCHI,8873106,49.923,FUERZA POPULAR
2026-06-09T03:52:00,2026-06-09T03:52:00,95.678,ROBERTO HELBERT SANCHEZ PALOMINO,8900978,50.076,JUNTOS POR EL PERÚ
2026-06-09T03:52:00,2026-06-09T03:52:00,95.678,KEIKO SOFIA FUJIMORI HIGUCHI,8874131,49.924,FUERZA POPULAR
2026-06-09T03:56:00,2026-06-09T03:56:00,95.681,ROBERTO HELBERT SANCHEZ PALOMINO,8901028,50.075,JUNTOS POR EL PERÚ
2026-06-09T03:56:00,2026-06-09T03:56:00,95.681,KEIKO SOFIA FUJIMORI HIGUCHI,8874244,49.925,FUERZA POPULAR
2026-06-09T04:25:25,2026-06-09T04:25:25,95.683,ROBERTO HELBERT SANCHEZ PALOMINO,8901050,50.075,JUNTOS POR EL PERÚ
2026-06-09T04:25:25,2026-06-09T04:25:25,95.683,KEIKO SOFIA FUJIMORI HIGUCHI,8874437,49.925,FUERZA POPULAR
2026-06-09T04:30:26,2026-06-09T04:30:26,95.685,ROBERTO HELBERT SANCHEZ PALOMINO,8901069,50.074,JUNTOS POR EL PERÚ
2026-06-09T04:30:26,2026-06-09T04:30:26,95.685,KEIKO SOFIA FUJIMORI HIGUCHI,8874597,49.926,FUERZA POPULAR
2026-06-09T07:06:00,2026-06-09T07:06:00,95.698,ROBERTO HELBERT SANCHEZ PALOMINO,8901957,50.074,JUNTOS POR EL PERÚ
2026-06-09T07:06:00,2026-06-09T07:06:00,95.698,KEIKO SOFIA FUJIMORI HIGUCHI,8875613,49.926,FUERZA POPULAR
2026-06-09T07:10:26,2026-06-09T07:10:26,95.699,ROBERTO HELBERT SANCHEZ PALOMINO,8902044,50.074,JUNTOS POR EL PERÚ
2026-06-09T07:10:26,2026-06-09T07:10:26,95.699,KEIKO SOFIA FUJIMORI HIGUCHI,8875688,49.926,FUERZA POPULAR
2026-06-09T07:32:00,2026-06-09T07:32:00,95.707,ROBERTO HELBERT SANCHEZ PALOMINO,8902118,50.074,JUNTOS POR EL PERÚ
2026-06-09T07:32:00,2026-06-09T07:32:00,95.707,KEIKO SOFIA FUJIMORI HIGUCHI,8875929,49.926,FUERZA POPULAR
2026-06-09T07:38:00,2026-06-09T07:38:00,95.728,ROBERTO HELBERT SANCHEZ PALOMINO,8902433,50.072,JUNTOS POR EL PERÚ
2026-06-09T07:38:00,2026-06-09T07:38:00,95.728,KEIKO SOFIA FUJIMORI HIGUCHI,8876788,49.928,FUERZA POPULAR
2026-06-09T07:42:00,2026-06-09T07:42:00,95.762,ROBERTO HELBERT SANCHEZ PALOMINO,8903058,50.069,JUNTOS POR EL PERÚ
2026-06-09T07:42:00,2026-06-09T07:42:00,95.762,KEIKO SOFIA FUJIMORI HIGUCHI,8878572,49.931,FUERZA POPULAR
2026-06-09T07:48:00,2026-06-09T07:48:00,95.779,ROBERTO HELBERT SANCHEZ PALOMINO,8903378,50.067,JUNTOS POR EL PERÚ
2026-06-09T07:48:00,2026-06-09T07:48:00,95.779,KEIKO SOFIA FUJIMORI HIGUCHI,8879682,49.933,FUERZA POPULAR
2026-06-09T07:52:00,2026-06-09T07:52:00,95.782,ROBERTO HELBERT SANCHEZ PALOMINO,8903433,50.066,JUNTOS POR EL PERÚ
2026-06-09T07:52:00,2026-06-09T07:52:00,95.782,KEIKO SOFIA FUJIMORI HIGUCHI,8879835,49.934,FUERZA POPULAR
2026-06-09T08:02:00,2026-06-09T08:02:00,95.802,ROBERTO HELBERT SANCHEZ PALOMINO,8905338,50.067,JUNTOS POR EL PERÚ
2026-06-09T08:02:00,2026-06-09T08:02:00,95.802,KEIKO SOFIA FUJIMORI HIGUCHI,8881672,49.933,FUERZA POPULAR
2026-06-09T08:08:00,2026-06-09T08:08:00,95.81,ROBERTO HELBERT SANCHEZ PALOMINO,8906101,50.067,JUNTOS POR EL PERÚ
2026-06-09T08:08:00,2026-06-09T08:08:00,95.81,KEIKO SOFIA FUJIMORI HIGUCHI,8882342,49.933,FUERZA POPULAR
2026-06-09T08:12:00,2026-06-09T08:12:00,95.82,ROBERTO HELBERT SANCHEZ PALOMINO,8906401,50.066,JUNTOS POR EL PERÚ
2026-06-09T08:12:00,2026-06-09T08:12:00,95.82,KEIKO SOFIA FUJIMORI HIGUCHI,8882795,49.934,FUERZA POPULAR
2026-06-09T08:16:00,2026-06-09T08:16:00,95.821,ROBERTO HELBERT SANCHEZ PALOMINO,8906435,50.066,JUNTOS POR EL PERÚ
2026-06-09T08:16:00,2026-06-09T08:16:00,95.821,KEIKO SOFIA FUJIMORI HIGUCHI,8882840,49.934,FUERZA POPULAR
2026-06-09T08:32:00,2026-06-09T08:32:00,95.829,ROBERTO HELBERT SANCHEZ PALOMINO,8906951,50.066,JUNTOS POR EL PERÚ
2026-06-09T08:32:00,2026-06-09T08:32:00,95.829,KEIKO SOFIA FUJIMORI HIGUCHI,8883551,49.934,FUERZA POPULAR
2026-06-09T08:42:00,2026-06-09T08:42:00,95.83,ROBERTO HELBERT SANCHEZ PALOMINO,8907003,50.066,JUNTOS POR EL PERÚ
2026-06-09T08:42:00,2026-06-09T08:42:00,95.83,KEIKO SOFIA FUJIMORI HIGUCHI,8883606,49.934,FUERZA POPULAR
2026-06-09T08:48:00,2026-06-09T08:48:00,95.844,ROBERTO HELBERT SANCHEZ PALOMINO,8907797,50.065,JUNTOS POR EL PERÚ
2026-06-09T08:48:00,2026-06-09T08:48:00,95.844,KEIKO SOFIA FUJIMORI HIGUCHI,8884515,49.935,FUERZA POPULAR
2026-06-09T09:36:00,2026-06-09T09:36:00,95.848,ROBERTO HELBERT SANCHEZ PALOMINO,8907926,50.065,JUNTOS POR EL PERÚ
2026-06-09T09:36:00,2026-06-09T09:36:00,95.848,KEIKO SOFIA FUJIMORI HIGUCHI,8884755,49.935,FUERZA POPULAR
2026-06-09T09:42:00,2026-06-09T09:42:00,95.858,ROBERTO HELBERT SANCHEZ PALOMINO,8908140,50.064,JUNTOS POR EL PERÚ
2026-06-09T09:42:00,2026-06-09T09:42:00,95.858,KEIKO SOFIA FUJIMORI HIGUCHI,8885256,49.936,FUERZA POPULAR
2026-06-09T09:48:00,2026-06-09T09:48:00,95.894,ROBERTO HELBERT SANCHEZ PALOMINO,8908774,50.061,JUNTOS POR EL PERÚ
2026-06-09T09:48:00,2026-06-09T09:48:00,95.894,KEIKO SOFIA FUJIMORI HIGUCHI,8886900,49.939,FUERZA POPULAR
2026-06-09T09:52:00,2026-06-09T09:52:00,95.925,ROBERTO HELBERT SANCHEZ PALOMINO,8909426,50.059,JUNTOS POR EL PERÚ
2026-06-09T09:52:00,2026-06-09T09:52:00,95.925,KEIKO SOFIA FUJIMORI HIGUCHI,8888310,49.941,FUERZA POPULAR
2026-06-09T09:58:00,2026-06-09T09:58:00,95.942,ROBERTO HELBERT SANCHEZ PALOMINO,8909775,50.058,JUNTOS POR EL PERÚ
2026-06-09T09:58:00,2026-06-09T09:58:00,95.942,KEIKO SOFIA FUJIMORI HIGUCHI,8889138,49.942,FUERZA POPULAR
2026-06-09T10:02:00,2026-06-09T10:02:00,95.959,ROBERTO HELBERT SANCHEZ PALOMINO,8910295,50.056,JUNTOS POR EL PERÚ
2026-06-09T10:02:00,2026-06-09T10:02:00,95.959,KEIKO SOFIA FUJIMORI HIGUCHI,8890401,49.944,FUERZA POPULAR
2026-06-09T10:06:00,2026-06-09T10:06:00,95.96,ROBERTO HELBERT SANCHEZ PALOMINO,8910310,50.056,JUNTOS POR EL PERÚ
2026-06-09T10:06:00,2026-06-09T10:06:00,95.96,KEIKO SOFIA FUJIMORI HIGUCHI,8890446,49.944,FUERZA POPULAR
2026-06-09T10:18:00,2026-06-09T10:18:00,95.961,ROBERTO HELBERT SANCHEZ PALOMINO,8910332,50.056,JUNTOS POR EL PERÚ
2026-06-09T10:18:00,2026-06-09T10:18:00,95.961,KEIKO SOFIA FUJIMORI HIGUCHI,8890507,49.944,FUERZA POPULAR
2026-06-09T10:22:00,2026-06-09T10:22:00,95.962,ROBERTO HELBERT SANCHEZ PALOMINO,8910362,50.056,JUNTOS POR EL PERÚ
2026-06-09T10:22:00,2026-06-09T10:22:00,95.962,KEIKO SOFIA FUJIMORI HIGUCHI,8890564,49.944,FUERZA POPULAR
2026-06-09T10:30:26,2026-06-09T10:30:26,95.963,ROBERTO HELBERT SANCHEZ PALOMINO,8910381,50.056,JUNTOS POR EL PERÚ
2026-06-09T10:30:26,2026-06-09T10:30:26,95.963,KEIKO SOFIA FUJIMORI HIGUCHI,8890610,49.944,FUERZA POPULAR
2026-06-09T10:52:00,2026-06-09T10:52:00,95.965,ROBERTO HELBERT SANCHEZ PALOMINO,8910441,50.055,JUNTOS POR EL PERÚ
2026-06-09T10:52:00,2026-06-09T10:52:00,95.965,KEIKO SOFIA FUJIMORI HIGUCHI,8890727,49.945,FUERZA POPULAR
2026-06-09T10:55:26,2026-06-09T10:55:26,95.966,ROBERTO HELBERT SANCHEZ PALOMINO,8910464,50.055,JUNTOS POR EL PERÚ
2026-06-09T10:55:26,2026-06-09T10:55:26,95.966,KEIKO SOFIA FUJIMORI HIGUCHI,8890775,49.945,FUERZA POPULAR
2026-06-09T11:05:25,2026-06-09T11:05:25,95.967,ROBERTO HELBERT SANCHEZ PALOMINO,8910529,50.055,JUNTOS POR EL PERÚ
2026-06-09T11:05:25,2026-06-09T11:05:25,95.967,KEIKO SOFIA FUJIMORI HIGUCHI,8890900,49.945,FUERZA POPULAR
2026-06-09T11:12:00,2026-06-09T11:12:00,95.977,ROBERTO HELBERT SANCHEZ PALOMINO,8911478,50.057,JUNTOS POR EL PERÚ
2026-06-09T11:12:00,2026-06-09T11:12:00,95.977,KEIKO SOFIA FUJIMORI HIGUCHI,8891052,49.943,FUERZA POPULAR
2026-06-09T11:40:18,2026-06-09T11:40:18,95.979,ROBERTO HELBERT SANCHEZ PALOMINO,8911541,50.057,JUNTOS POR EL PERÚ
2026-06-09T11:40:18,2026-06-09T11:40:18,95.979,KEIKO SOFIA FUJIMORI HIGUCHI,8891320,49.943,FUERZA POPULAR
2026-06-09T13:56:00,2026-06-09T13:56:00,95.981,ROBERTO HELBERT SANCHEZ PALOMINO,8911673,50.057,JUNTOS POR EL PERÚ
2026-06-09T13:56:00,2026-06-09T13:56:00,95.981,KEIKO SOFIA FUJIMORI HIGUCHI,8891412,49.943,FUERZA POPULAR
2026-06-09T14:02:00,2026-06-09T14:02:00,95.983,ROBERTO HELBERT SANCHEZ PALOMINO,8911845,50.057,JUNTOS POR EL PERÚ
2026-06-09T14:02:00,2026-06-09T14:02:00,95.983,KEIKO SOFIA FUJIMORI HIGUCHI,8891490,49.943,FUERZA POPULAR
2026-06-09T14:05:25,2026-06-09T14:05:25,95.985,ROBERTO HELBERT SANCHEZ PALOMINO,8911924,50.057,JUNTOS POR EL PERÚ
2026-06-09T14:05:25,2026-06-09T14:05:25,95.985,KEIKO SOFIA FUJIMORI HIGUCHI,8891534,49.943,FUERZA POPULAR
2026-06-09T14:26:00,2026-06-09T14:26:00,96.004,ROBERTO HELBERT SANCHEZ PALOMINO,8913035,50.057,JUNTOS POR EL PERÚ
2026-06-09T14:26:00,2026-06-09T14:26:00,96.004,KEIKO SOFIA FUJIMORI HIGUCHI,8892718,49.943,FUERZA POPULAR
2026-06-09T14:32:00,2026-06-09T14:32:00,96.016,ROBERTO HELBERT SANCHEZ PALOMINO,8913494,50.056,JUNTOS POR EL PERÚ
2026-06-09T14:32:00,2026-06-09T14:32:00,96.016,KEIKO SOFIA FUJIMORI HIGUCHI,8893421,49.944,FUERZA POPULAR
2026-06-09T14:36:00,2026-06-09T14:36:00,96.021,ROBERTO HELBERT SANCHEZ PALOMINO,8913678,50.056,JUNTOS POR EL PERÚ
2026-06-09T14:36:00,2026-06-09T14:36:00,96.021,KEIKO SOFIA FUJIMORI HIGUCHI,8893675,49.944,FUERZA POPULAR
2026-06-09T15:02:00,2026-06-09T15:02:00,96.024,ROBERTO HELBERT SANCHEZ PALOMINO,8914029,50.057,JUNTOS POR EL PERÚ
2026-06-09T15:02:00,2026-06-09T15:02:00,96.024,KEIKO SOFIA FUJIMORI HIGUCHI,8893751,49.943,FUERZA POPULAR
2026-06-09T15:30:26,2026-06-09T15:30:26,96.025,ROBERTO HELBERT SANCHEZ PALOMINO,8914128,50.057,JUNTOS POR EL PERÚ
2026-06-09T15:30:26,2026-06-09T15:30:26,96.025,KEIKO SOFIA FUJIMORI HIGUCHI,8893765,49.943,FUERZA POPULAR
2026-06-09T15:35:26,2026-06-09T15:35:26,96.029,ROBERTO HELBERT SANCHEZ PALOMINO,8914212,50.057,JUNTOS POR EL PERÚ
2026-06-09T15:35:26,2026-06-09T15:35:26,96.029,KEIKO SOFIA FUJIMORI HIGUCHI,8893948,49.943,FUERZA POPULAR
2026-06-09T15:52:00,2026-06-09T15:52:00,96.039,ROBERTO HELBERT SANCHEZ PALOMINO,8915693,50.06,JUNTOS POR EL PERÚ
2026-06-09T15:52:00,2026-06-09T15:52:00,96.039,KEIKO SOFIA FUJIMORI HIGUCHI,8894218,49.94,FUERZA POPULAR
2026-06-09T15:58:00,2026-06-09T15:58:00,96.076,ROBERTO HELBERT SANCHEZ PALOMINO,8919422,50.066,JUNTOS POR EL PERÚ
2026-06-09T15:58:00,2026-06-09T15:58:00,96.076,KEIKO SOFIA FUJIMORI HIGUCHI,8895933,49.934,FUERZA POPULAR
2026-06-09T16:02:00,2026-06-09T16:02:00,96.096,ROBERTO HELBERT SANCHEZ PALOMINO,8922050,50.072,JUNTOS POR EL PERÚ
2026-06-09T16:02:00,2026-06-09T16:02:00,96.096,KEIKO SOFIA FUJIMORI HIGUCHI,8896405,49.928,FUERZA POPULAR
2026-06-09T16:08:00,2026-06-09T16:08:00,96.104,ROBERTO HELBERT SANCHEZ PALOMINO,8922707,50.073,JUNTOS POR EL PERÚ
2026-06-09T16:08:00,2026-06-09T16:08:00,96.104,KEIKO SOFIA FUJIMORI HIGUCHI,8896677,49.927,FUERZA POPULAR
2026-06-09T16:12:00,2026-06-09T16:12:00,96.111,ROBERTO HELBERT SANCHEZ PALOMINO,8923517,50.075,JUNTOS POR EL PERÚ
2026-06-09T16:12:00,2026-06-09T16:12:00,96.111,KEIKO SOFIA FUJIMORI HIGUCHI,8896878,49.925,FUERZA POPULAR
2026-06-09T16:16:00,2026-06-09T16:16:00,96.125,ROBERTO HELBERT SANCHEZ PALOMINO,8925345,50.078,JUNTOS POR EL PERÚ
2026-06-09T16:16:00,2026-06-09T16:16:00,96.125,KEIKO SOFIA FUJIMORI HIGUCHI,8897395,49.922,FUERZA POPULAR
2026-06-09T16:22:00,2026-06-09T16:22:00,96.156,ROBERTO HELBERT SANCHEZ PALOMINO,8929222,50.086,JUNTOS POR EL PERÚ
2026-06-09T16:22:00,2026-06-09T16:22:00,96.156,KEIKO SOFIA FUJIMORI HIGUCHI,8898397,49.914,FUERZA POPULAR
2026-06-09T16:28:00,2026-06-09T16:28:00,96.179,ROBERTO HELBERT SANCHEZ PALOMINO,8932040,50.092,JUNTOS POR EL PERÚ
2026-06-09T16:28:00,2026-06-09T16:28:00,96.179,KEIKO SOFIA FUJIMORI HIGUCHI,8899156,49.908,FUERZA POPULAR
2026-06-09T16:32:00,2026-06-09T16:32:00,96.187,ROBERTO HELBERT SANCHEZ PALOMINO,8933223,50.095,JUNTOS POR EL PERÚ
2026-06-09T16:32:00,2026-06-09T16:32:00,96.187,KEIKO SOFIA FUJIMORI HIGUCHI,8899356,49.905,FUERZA POPULAR
2026-06-09T16:42:00,2026-06-09T16:42:00,96.204,ROBERTO HELBERT SANCHEZ PALOMINO,8935393,50.1,JUNTOS POR EL PERÚ
2026-06-09T16:42:00,2026-06-09T16:42:00,96.204,KEIKO SOFIA FUJIMORI HIGUCHI,8899803,49.9,FUERZA POPULAR
2026-06-09T16:48:00,2026-06-09T16:48:00,96.217,ROBERTO HELBERT SANCHEZ PALOMINO,8936308,50.102,JUNTOS POR EL PERÚ
2026-06-09T16:48:00,2026-06-09T16:48:00,96.217,KEIKO SOFIA FUJIMORI HIGUCHI,8900010,49.898,FUERZA POPULAR
2026-06-09T16:52:00,2026-06-09T16:52:00,96.232,ROBERTO HELBERT SANCHEZ PALOMINO,8938044,50.105,JUNTOS POR EL PERÚ
2026-06-09T16:52:00,2026-06-09T16:52:00,96.232,KEIKO SOFIA FUJIMORI HIGUCHI,8900550,49.895,FUERZA POPULAR
2026-06-09T16:58:00,2026-06-09T16:58:00,96.273,ROBERTO HELBERT SANCHEZ PALOMINO,8943813,50.118,JUNTOS POR EL PERÚ
2026-06-09T16:58:00,2026-06-09T16:58:00,96.273,KEIKO SOFIA FUJIMORI HIGUCHI,8901726,49.882,FUERZA POPULAR
2026-06-09T17:26:00,2026-06-09T17:26:00,96.271,ROBERTO HELBERT SANCHEZ PALOMINO,8943654,50.118,JUNTOS POR EL PERÚ
2026-06-09T17:26:00,2026-06-09T17:26:00,96.271,KEIKO SOFIA FUJIMORI HIGUCHI,8901626,49.882,FUERZA POPULAR
2026-06-09T17:32:00,2026-06-09T17:32:00,96.272,ROBERTO HELBERT SANCHEZ PALOMINO,8943738,50.118,JUNTOS POR EL PERÚ
2026-06-09T17:32:00,2026-06-09T17:32:00,96.272,KEIKO SOFIA FUJIMORI HIGUCHI,8901631,49.882,FUERZA POPULAR
2026-06-09T17:36:00,2026-06-09T17:36:00,96.278,ROBERTO HELBERT SANCHEZ PALOMINO,8943825,50.118,JUNTOS POR EL PERÚ
2026-06-09T17:36:00,2026-06-09T17:36:00,96.278,KEIKO SOFIA FUJIMORI HIGUCHI,8901824,49.882,FUERZA POPULAR
2026-06-09T17:42:00,2026-06-09T17:42:00,96.286,ROBERTO HELBERT SANCHEZ PALOMINO,8944153,50.118,JUNTOS POR EL PERÚ
2026-06-09T17:42:00,2026-06-09T17:42:00,96.286,KEIKO SOFIA FUJIMORI HIGUCHI,8901963,49.882,FUERZA POPULAR
2026-06-09T17:52:00,2026-06-09T17:52:00,96.287,ROBERTO HELBERT SANCHEZ PALOMINO,8944223,50.118,JUNTOS POR EL PERÚ
2026-06-09T17:52:00,2026-06-09T17:52:00,96.287,KEIKO SOFIA FUJIMORI HIGUCHI,8901964,49.882,FUERZA POPULAR
2026-06-09T17:56:00,2026-06-09T17:56:00,96.289,ROBERTO HELBERT SANCHEZ PALOMINO,8944327,50.119,JUNTOS POR EL PERÚ
2026-06-09T17:56:00,2026-06-09T17:56:00,96.289,KEIKO SOFIA FUJIMORI HIGUCHI,8901967,49.881,FUERZA POPULAR
2026-06-09T18:12:00,2026-06-09T18:12:00,96.29,ROBERTO HELBERT SANCHEZ PALOMINO,8944434,50.119,JUNTOS POR EL PERÚ
2026-06-09T18:12:00,2026-06-09T18:12:00,96.29,KEIKO SOFIA FUJIMORI HIGUCHI,8902002,49.881,FUERZA POPULAR
2026-06-09T18:22:00,2026-06-09T18:22:00,96.293,ROBERTO HELBERT SANCHEZ PALOMINO,8944800,50.12,JUNTOS POR EL PERÚ
2026-06-09T18:22:00,2026-06-09T18:22:00,96.293,KEIKO SOFIA FUJIMORI HIGUCHI,8902079,49.88,FUERZA POPULAR
2026-06-09T18:26:00,2026-06-09T18:26:00,96.305,ROBERTO HELBERT SANCHEZ PALOMINO,8945804,50.121,JUNTOS POR EL PERÚ
2026-06-09T18:26:00,2026-06-09T18:26:00,96.305,KEIKO SOFIA FUJIMORI HIGUCHI,8902571,49.879,FUERZA POPULAR
2026-06-09T18:32:00,2026-06-09T18:32:00,96.31,ROBERTO HELBERT SANCHEZ PALOMINO,8946096,50.121,JUNTOS POR EL PERÚ
2026-06-09T18:32:00,2026-06-09T18:32:00,96.31,KEIKO SOFIA FUJIMORI HIGUCHI,8902804,49.879,FUERZA POPULAR
2026-06-09T18:36:00,2026-06-09T18:36:00,96.326,ROBERTO HELBERT SANCHEZ PALOMINO,8946888,50.121,JUNTOS POR EL PERÚ
2026-06-09T18:36:00,2026-06-09T18:36:00,96.326,KEIKO SOFIA FUJIMORI HIGUCHI,8903625,49.879,FUERZA POPULAR
2026-06-09T18:42:00,2026-06-09T18:42:00,96.333,ROBERTO HELBERT SANCHEZ PALOMINO,8947130,50.121,JUNTOS POR EL PERÚ
2026-06-09T18:42:00,2026-06-09T18:42:00,96.333,KEIKO SOFIA FUJIMORI HIGUCHI,8904002,49.879,FUERZA POPULAR
2026-06-09T18:46:00,2026-06-09T18:46:00,96.335,ROBERTO HELBERT SANCHEZ PALOMINO,8947213,50.121,JUNTOS POR EL PERÚ
2026-06-09T18:46:00,2026-06-09T18:46:00,96.335,KEIKO SOFIA FUJIMORI HIGUCHI,8904155,49.879,FUERZA POPULAR
2026-06-09T18:52:00,2026-06-09T18:52:00,96.35,ROBERTO HELBERT SANCHEZ PALOMINO,8948105,50.119,JUNTOS POR EL PERÚ
2026-06-09T18:52:00,2026-06-09T18:52:00,96.35,KEIKO SOFIA FUJIMORI HIGUCHI,8905444,49.881,FUERZA POPULAR
2026-06-09T18:56:00,2026-06-09T18:56:00,96.355,ROBERTO HELBERT SANCHEZ PALOMINO,8948319,50.119,JUNTOS POR EL PERÚ
2026-06-09T18:56:00,2026-06-09T18:56:00,96.355,KEIKO SOFIA FUJIMORI HIGUCHI,8905785,49.881,FUERZA POPULAR
2026-06-09T19:02:00,2026-06-09T19:02:00,96.381,ROBERTO HELBERT SANCHEZ PALOMINO,8948960,50.118,JUNTOS POR EL PERÚ
2026-06-09T19:02:00,2026-06-09T19:02:00,96.381,KEIKO SOFIA FUJIMORI HIGUCHI,8906869,49.882,FUERZA POPULAR
2026-06-09T19:12:00,2026-06-09T19:12:00,96.392,ROBERTO HELBERT SANCHEZ PALOMINO,8949171,50.117,JUNTOS POR EL PERÚ
2026-06-09T19:12:00,2026-06-09T19:12:00,96.392,KEIKO SOFIA FUJIMORI HIGUCHI,8907404,49.883,FUERZA POPULAR
2026-06-09T19:26:00,2026-06-09T19:26:00,96.412,ROBERTO HELBERT SANCHEZ PALOMINO,8949555,50.116,JUNTOS POR EL PERÚ
2026-06-09T19:26:00,2026-06-09T19:26:00,96.412,KEIKO SOFIA FUJIMORI HIGUCHI,8908141,49.884,FUERZA POPULAR
2026-06-09T20:48:00,2026-06-09T20:48:00,96.416,ROBERTO HELBERT SANCHEZ PALOMINO,8949724,50.116,JUNTOS POR EL PERÚ
2026-06-09T20:48:00,2026-06-09T20:48:00,96.416,KEIKO SOFIA FUJIMORI HIGUCHI,8908370,49.884,FUERZA POPULAR
2026-06-09T20:52:00,2026-06-09T20:52:00,96.438,ROBERTO HELBERT SANCHEZ PALOMINO,8950703,50.115,JUNTOS POR EL PERÚ
2026-06-09T20:52:00,2026-06-09T20:52:00,96.438,KEIKO SOFIA FUJIMORI HIGUCHI,8909772,49.885,FUERZA POPULAR
2026-06-09T20:58:00,2026-06-09T20:58:00,96.437,ROBERTO HELBERT SANCHEZ PALOMINO,8950617,50.115,JUNTOS POR EL PERÚ
2026-06-09T20:58:00,2026-06-09T20:58:00,96.437,KEIKO SOFIA FUJIMORI HIGUCHI,8909639,49.885,FUERZA POPULAR
2026-06-09T21:12:00,2026-06-09T21:12:00,96.441,ROBERTO HELBERT SANCHEZ PALOMINO,8950868,50.115,JUNTOS POR EL PERÚ
2026-06-09T21:12:00,2026-06-09T21:12:00,96.441,KEIKO SOFIA FUJIMORI HIGUCHI,8909906,49.885,FUERZA POPULAR
2026-06-09T21:18:00,2026-06-09T21:18:00,96.467,ROBERTO HELBERT SANCHEZ PALOMINO,8952833,50.114,JUNTOS POR EL PERÚ
2026-06-09T21:18:00,2026-06-09T21:18:00,96.467,KEIKO SOFIA FUJIMORI HIGUCHI,8912044,49.886,FUERZA POPULAR
2026-06-09T21:22:00,2026-06-09T21:22:00,96.477,ROBERTO HELBERT SANCHEZ PALOMINO,8953553,50.114,JUNTOS POR EL PERÚ
2026-06-09T21:22:00,2026-06-09T21:22:00,96.477,KEIKO SOFIA FUJIMORI HIGUCHI,8912806,49.886,FUERZA POPULAR
2026-06-09T21:28:00,2026-06-09T21:28:00,96.495,ROBERTO HELBERT SANCHEZ PALOMINO,8954813,50.114,JUNTOS POR EL PERÚ
2026-06-09T21:28:00,2026-06-09T21:28:00,96.495,KEIKO SOFIA FUJIMORI HIGUCHI,8914123,49.886,FUERZA POPULAR
2026-06-09T21:32:00,2026-06-09T21:32:00,96.512,ROBERTO HELBERT SANCHEZ PALOMINO,8955656,50.114,JUNTOS POR EL PERÚ
2026-06-09T21:32:00,2026-06-09T21:32:00,96.512,KEIKO SOFIA FUJIMORI HIGUCHI,8915051,49.886,FUERZA POPULAR
2026-06-09T21:36:00,2026-06-09T21:36:00,96.544,ROBERTO HELBERT SANCHEZ PALOMINO,8957971,50.113,JUNTOS POR EL PERÚ
2026-06-09T21:36:00,2026-06-09T21:36:00,96.544,KEIKO SOFIA FUJIMORI HIGUCHI,8917735,49.887,FUERZA POPULAR
2026-06-09T21:42:00,2026-06-09T21:42:00,96.564,ROBERTO HELBERT SANCHEZ PALOMINO,8959480,50.112,JUNTOS POR EL PERÚ
2026-06-09T21:42:00,2026-06-09T21:42:00,96.564,KEIKO SOFIA FUJIMORI HIGUCHI,8919360,49.888,FUERZA POPULAR
2026-06-09T21:52:00,2026-06-09T21:52:00,96.567,ROBERTO HELBERT SANCHEZ PALOMINO,8959536,50.112,JUNTOS POR EL PERÚ
2026-06-09T21:52:00,2026-06-09T21:52:00,96.567,KEIKO SOFIA FUJIMORI HIGUCHI,8919459,49.888,FUERZA POPULAR
2026-06-09T21:58:00,2026-06-09T21:58:00,96.568,ROBERTO HELBERT SANCHEZ PALOMINO,8959563,50.112,JUNTOS POR EL PERÚ
2026-06-09T21:58:00,2026-06-09T21:58:00,96.568,KEIKO SOFIA FUJIMORI HIGUCHI,8919529,49.888,FUERZA POPULAR
2026-06-09T22:02:00,2026-06-09T22:02:00,96.572,ROBERTO HELBERT SANCHEZ PALOMINO,8959687,50.111,JUNTOS POR EL PERÚ
2026-06-09T22:02:00,2026-06-09T22:02:00,96.572,KEIKO SOFIA FUJIMORI HIGUCHI,8919825,49.889,FUERZA POPULAR
2026-06-09T22:08:00,2026-06-09T22:08:00,96.583,ROBERTO HELBERT SANCHEZ PALOMINO,8960275,50.112,JUNTOS POR EL PERÚ
2026-06-09T22:08:00,2026-06-09T22:08:00,96.583,KEIKO SOFIA FUJIMORI HIGUCHI,8920378,49.888,FUERZA POPULAR
2026-06-09T22:12:00,2026-06-09T22:12:00,96.585,ROBERTO HELBERT SANCHEZ PALOMINO,8960469,50.112,JUNTOS POR EL PERÚ
2026-06-09T22:12:00,2026-06-09T22:12:00,96.585,KEIKO SOFIA FUJIMORI HIGUCHI,8920413,49.888,FUERZA POPULAR
2026-06-09T22:18:00,2026-06-09T22:18:00,96.598,ROBERTO HELBERT SANCHEZ PALOMINO,8961153,50.112,JUNTOS POR EL PERÚ
2026-06-09T22:18:00,2026-06-09T22:18:00,96.598,KEIKO SOFIA FUJIMORI HIGUCHI,8921112,49.888,FUERZA POPULAR
2026-06-09T22:22:00,2026-06-09T22:22:00,96.621,ROBERTO HELBERT SANCHEZ PALOMINO,8961592,50.11,JUNTOS POR EL PERÚ
2026-06-09T22:22:00,2026-06-09T22:22:00,96.621,KEIKO SOFIA FUJIMORI HIGUCHI,8922103,49.89,FUERZA POPULAR
2026-06-09T22:26:00,2026-06-09T22:26:00,96.625,ROBERTO HELBERT SANCHEZ PALOMINO,8961685,50.11,JUNTOS POR EL PERÚ
2026-06-09T22:26:00,2026-06-09T22:26:00,96.625,KEIKO SOFIA FUJIMORI HIGUCHI,8922293,49.89,FUERZA POPULAR
2026-06-09T22:32:00,2026-06-09T22:32:00,96.644,ROBERTO HELBERT SANCHEZ PALOMINO,8962063,50.109,JUNTOS POR EL PERÚ
2026-06-09T22:32:00,2026-06-09T22:32:00,96.644,KEIKO SOFIA FUJIMORI HIGUCHI,8923133,49.891,FUERZA POPULAR
2026-06-09T22:35:19,2026-06-09T22:35:19,96.645,ROBERTO HELBERT SANCHEZ PALOMINO,8962090,50.109,JUNTOS POR EL PERÚ
2026-06-09T22:35:19,2026-06-09T22:35:19,96.645,KEIKO SOFIA FUJIMORI HIGUCHI,8923173,49.891,FUERZA POPULAR
2026-06-09T22:56:00,2026-06-09T22:56:00,96.647,ROBERTO HELBERT SANCHEZ PALOMINO,8962202,50.109,JUNTOS POR EL PERÚ
2026-06-09T22:56:00,2026-06-09T22:56:00,96.647,KEIKO SOFIA FUJIMORI HIGUCHI,8923295,49.891,FUERZA POPULAR
2026-06-09T23:52:00,2026-06-09T23:52:00,96.654,ROBERTO HELBERT SANCHEZ PALOMINO,8962640,50.109,JUNTOS POR EL PERÚ
2026-06-09T23:52:00,2026-06-09T23:52:00,96.654,KEIKO SOFIA FUJIMORI HIGUCHI,8923700,49.891,FUERZA POPULAR
2026-06-09T23:56:00,2026-06-09T23:56:00,96.658,ROBERTO HELBERT SANCHEZ PALOMINO,8962948,50.109,JUNTOS POR EL PERÚ
2026-06-09T23:56:00,2026-06-09T23:56:00,96.658,KEIKO SOFIA FUJIMORI HIGUCHI,8923987,49.891,FUERZA POPULAR
2026-06-10T00:02:00,2026-06-10T00:02:00,96.725,ROBERTO HELBERT SANCHEZ PALOMINO,8966954,50.103,JUNTOS POR EL PERÚ
2026-06-10T00:02:00,2026-06-10T00:02:00,96.725,KEIKO SOFIA FUJIMORI HIGUCHI,8930036,49.897,FUERZA POPULAR
2026-06-10T00:08:00,2026-06-10T00:08:00,96.797,ROBERTO HELBERT SANCHEZ PALOMINO,8970952,50.096,JUNTOS POR EL PERÚ
2026-06-10T00:08:00,2026-06-10T00:08:00,96.797,KEIKO SOFIA FUJIMORI HIGUCHI,8936538,49.904,FUERZA POPULAR
2026-06-10T00:12:00,2026-06-10T00:12:00,96.871,ROBERTO HELBERT SANCHEZ PALOMINO,8975165,50.088,JUNTOS POR EL PERÚ
2026-06-10T00:12:00,2026-06-10T00:12:00,96.871,KEIKO SOFIA FUJIMORI HIGUCHI,8943462,49.912,FUERZA POPULAR
2026-06-10T00:15:19,2026-06-10T00:15:19,96.878,ROBERTO HELBERT SANCHEZ PALOMINO,8975637,50.088,JUNTOS POR EL PERÚ
2026-06-10T00:15:19,2026-06-10T00:15:19,96.878,KEIKO SOFIA FUJIMORI HIGUCHI,8944246,49.912,FUERZA POPULAR
2026-06-10T00:32:00,2026-06-10T00:32:00,96.879,ROBERTO HELBERT SANCHEZ PALOMINO,8975703,50.087,JUNTOS POR EL PERÚ
2026-06-10T00:32:00,2026-06-10T00:32:00,96.879,KEIKO SOFIA FUJIMORI HIGUCHI,8944356,49.913,FUERZA POPULAR
2026-06-10T01:06:00,2026-06-10T01:06:00,96.88,ROBERTO HELBERT SANCHEZ PALOMINO,8975783,50.087,JUNTOS POR EL PERÚ
2026-06-10T01:06:00,2026-06-10T01:06:00,96.88,KEIKO SOFIA FUJIMORI HIGUCHI,8944490,49.913,FUERZA POPULAR
2026-06-10T01:12:00,2026-06-10T01:12:00,96.907,ROBERTO HELBERT SANCHEZ PALOMINO,8977133,50.087,JUNTOS POR EL PERÚ
2026-06-10T01:12:00,2026-06-10T01:12:00,96.907,KEIKO SOFIA FUJIMORI HIGUCHI,8946054,49.913,FUERZA POPULAR
2026-06-10T01:18:00,2026-06-10T01:18:00,96.918,ROBERTO HELBERT SANCHEZ PALOMINO,8977663,50.086,JUNTOS POR EL PERÚ
2026-06-10T01:18:00,2026-06-10T01:18:00,96.918,KEIKO SOFIA FUJIMORI HIGUCHI,8946667,49.914,FUERZA POPULAR
2026-06-10T01:38:00,2026-06-10T01:38:00,96.921,ROBERTO HELBERT SANCHEZ PALOMINO,8977733,50.086,JUNTOS POR EL PERÚ
2026-06-10T01:38:00,2026-06-10T01:38:00,96.921,KEIKO SOFIA FUJIMORI HIGUCHI,8946846,49.914,FUERZA POPULAR
2026-06-10T01:40:25,2026-06-10T01:40:25,96.928,ROBERTO HELBERT SANCHEZ PALOMINO,8977857,50.086,JUNTOS POR EL PERÚ
2026-06-10T01:40:25,2026-06-10T01:40:25,96.928,KEIKO SOFIA FUJIMORI HIGUCHI,8947173,49.914,FUERZA POPULAR
2026-06-10T01:48:00,2026-06-10T01:48:00,96.929,ROBERTO HELBERT SANCHEZ PALOMINO,8977880,50.085,JUNTOS POR EL PERÚ
2026-06-10T01:48:00,2026-06-10T01:48:00,96.929,KEIKO SOFIA FUJIMORI HIGUCHI,8947231,49.915,FUERZA POPULAR
2026-06-10T01:58:00,2026-06-10T01:58:00,96.942,ROBERTO HELBERT SANCHEZ PALOMINO,8977993,50.083,JUNTOS POR EL PERÚ
2026-06-10T01:58:00,2026-06-10T01:58:00,96.942,KEIKO SOFIA FUJIMORI HIGUCHI,8948065,49.917,FUERZA POPULAR
2026-06-10T02:02:00,2026-06-10T02:02:00,96.976,ROBERTO HELBERT SANCHEZ PALOMINO,8978257,50.076,JUNTOS POR EL PERÚ
2026-06-10T02:02:00,2026-06-10T02:02:00,96.976,KEIKO SOFIA FUJIMORI HIGUCHI,8951071,49.924,FUERZA POPULAR
2026-06-10T02:08:00,2026-06-10T02:08:00,96.984,ROBERTO HELBERT SANCHEZ PALOMINO,8978365,50.075,JUNTOS POR EL PERÚ
2026-06-10T02:08:00,2026-06-10T02:08:00,96.984,KEIKO SOFIA FUJIMORI HIGUCHI,8951591,49.925,FUERZA POPULAR
2026-06-10T02:12:00,2026-06-10T02:12:00,97.0,ROBERTO HELBERT SANCHEZ PALOMINO,8978640,50.072,JUNTOS POR EL PERÚ
2026-06-10T02:12:00,2026-06-10T02:12:00,97.0,KEIKO SOFIA FUJIMORI HIGUCHI,8952737,49.928,FUERZA POPULAR
2026-06-10T02:18:00,2026-06-10T02:18:00,97.001,ROBERTO HELBERT SANCHEZ PALOMINO,8978657,50.072,JUNTOS POR EL PERÚ
2026-06-10T02:18:00,2026-06-10T02:18:00,97.001,KEIKO SOFIA FUJIMORI HIGUCHI,8952813,49.928,FUERZA POPULAR
2026-06-10T02:32:00,2026-06-10T02:32:00,97.002,ROBERTO HELBERT SANCHEZ PALOMINO,8978663,50.072,JUNTOS POR EL PERÚ
2026-06-10T02:32:00,2026-06-10T02:32:00,97.002,KEIKO SOFIA FUJIMORI HIGUCHI,8952943,49.928,FUERZA POPULAR
2026-06-10T02:38:00,2026-06-10T02:38:00,97.004,ROBERTO HELBERT SANCHEZ PALOMINO,8978672,50.071,JUNTOS POR EL PERÚ
2026-06-10T02:38:00,2026-06-10T02:38:00,97.004,KEIKO SOFIA FUJIMORI HIGUCHI,8953074,49.929,FUERZA POPULAR
2026-06-10T02:42:00,2026-06-10T02:42:00,97.005,ROBERTO HELBERT SANCHEZ PALOMINO,8978681,50.071,JUNTOS POR EL PERÚ
2026-06-10T02:42:00,2026-06-10T02:42:00,97.005,KEIKO SOFIA FUJIMORI HIGUCHI,8953149,49.929,FUERZA POPULAR
2026-06-10T02:46:00,2026-06-10T02:46:00,97.008,ROBERTO HELBERT SANCHEZ PALOMINO,8978698,50.071,JUNTOS POR EL PERÚ
2026-06-10T02:46:00,2026-06-10T02:46:00,97.008,KEIKO SOFIA FUJIMORI HIGUCHI,8953332,49.929,FUERZA POPULAR
